Edicao;Fase/categoria;Rotulo oficial FGV;Caminho no pacote;URL oficial FGV;Bytes;SHA-256
Clique aqui para acessar informações relativas ao 47º EXAME DE ORDEM UNIFICADO;1ª fase / caderno;Caderno de Prova - Tipo 1;Clique aqui para acessar informações relativas ao 47º Exame/1ª fase/cadernos e gabaritos/Caderno de Prova - Tipo 1.pdf;https://oab.fgv.br/arq/650/566837_ADVOGADO%20OAB(CNS01)%20Tipo%201.pdf;566837;c93735cf586d20dc38d938e215c568c2478cbd71d06bcc1e2eeff58589cb6b3a
Clique aqui para acessar informações relativas ao 47º EXAME DE ORDEM UNIFICADO;1ª fase / caderno;Caderno de Prova - Tipo 2;Clique aqui para acessar informações relativas ao 47º Exame/1ª fase/cadernos e gabaritos/Caderno de Prova - Tipo 2.pdf;https://oab.fgv.br/arq/650/565717_ADVOGADO%20OAB(CNS01)%20Tipo%202.pdf;565717;2babda0c29bbb05660d73ca84a209ea6ba780c1606b8c4489d25ee227da5b831
Clique aqui para acessar informações relativas ao 47º EXAME DE ORDEM UNIFICADO;1ª fase / caderno;Caderno de Prova - Tipo 3;Clique aqui para acessar informações relativas ao 47º Exame/1ª fase/cadernos e gabaritos/Caderno de Prova - Tipo 3.pdf;https://oab.fgv.br/arq/650/567043_ADVOGADO%20OAB(CNS01)%20Tipo%203.pdf;567043;bcf58eb93256642342bba4ee20fb8198370f341247991c72622144cd5b22b521
Clique aqui para acessar informações relativas ao 47º EXAME DE ORDEM UNIFICADO;1ª fase / caderno;Caderno de Prova - Tipo 4;Clique aqui para acessar informações relativas ao 47º Exame/1ª fase/cadernos e gabaritos/Caderno de Prova - Tipo 4.pdf;https://oab.fgv.br/arq/650/567267_ADVOGADO%20OAB(CNS01)%20Tipo%204.pdf;567267;bda8def195ac46843f946f9e9f44958552fa5da2df4b999783030a10f11f6036
Clique aqui para acessar informações relativas ao 47º EXAME DE ORDEM UNIFICADO;1ª fase / gabarito;Gabaritos Preliminares da Prova Objetiva (1ª Fase) - atualizado em 07.09.2026;Clique aqui para acessar informações relativas ao 47º Exame/1ª fase/cadernos e gabaritos/Gabaritos Preliminares da Prova Objetiva (1ª Fase) - atualizado em 07.09.2026.pdf;https://oab.fgv.br/arq/650/338483_OAB46%20Gabaritos%20para%20publicacao%20v20260907.pdf;338483;c5b15abe1fdfd25470c1cfd5b9f6bd0dfe4a3cd9d85682c32fe69bf5fc342719
Clique aqui para acessar informações relativas ao 47º EXAME DE ORDEM UNIFICADO;1ª fase / gabarito;Gabaritos definitivos da prova objetiva (1ª fase);Clique aqui para acessar informações relativas ao 47º Exame/1ª fase/cadernos e gabaritos/Gabaritos definitivos da prova objetiva (1ª fase).pdf;https://oab.fgv.br/arq/650/480420_gabarito%20definitivo%20(1).pdf;480420;480e9da40f4609a9515c20a9de6a239e8be601069b34e3bc09ac699d3d69d669
Clique aqui para acessar informações relativas ao 46º EXAME DE ORDEM UNIFICADO;1ª fase / caderno;Caderno de Prova - Tipo 1;Clique aqui para acessar informações relativas ao 46º Exame/1ª fase/cadernos e gabaritos/Caderno de Prova - Tipo 1.pdf;https://oab.fgv.br/arq/649/561671_ADVOGADO%20OAB(CNS01)%20Tipo%201.pdf;561671;100b3e057e476afc37a699471d26025758c074e0f8d7c8aa28eaa6ef52b1ecfa
Clique aqui para acessar informações relativas ao 46º EXAME DE ORDEM UNIFICADO;1ª fase / caderno;Caderno de Prova - Tipo 2;Clique aqui para acessar informações relativas ao 46º Exame/1ª fase/cadernos e gabaritos/Caderno de Prova - Tipo 2.pdf;https://oab.fgv.br/arq/649/576035_ADVOGADO%20OAB(CNS01)%20Tipo%202.pdf;576035;3fa649d5352052663feda7a725e2a89b75816398ab59c3f59b4e6d1287201101
Clique aqui para acessar informações relativas ao 46º EXAME DE ORDEM UNIFICADO;1ª fase / caderno;Caderno de Prova - Tipo 3;Clique aqui para acessar informações relativas ao 46º Exame/1ª fase/cadernos e gabaritos/Caderno de Prova - Tipo 3.pdf;https://oab.fgv.br/arq/649/560445_ADVOGADO%20OAB(CNS01)%20Tipo%203.pdf;560445;d82559fdd69eb1a6c200b310235a01839d70f4c50b598eec8320c5eba206486a
Clique aqui para acessar informações relativas ao 46º EXAME DE ORDEM UNIFICADO;1ª fase / caderno;Caderno de Prova - Tipo 4;Clique aqui para acessar informações relativas ao 46º Exame/1ª fase/cadernos e gabaritos/Caderno de Prova - Tipo 4.pdf;https://oab.fgv.br/arq/649/559136_ADVOGADO%20OAB(CNS01)%20Tipo%204.pdf;559136;8be68b9eae0058ee44000f1479d5b2c5f2b81571655b9eac46ec970e83e6d19d
Clique aqui para acessar informações relativas ao 46º EXAME DE ORDEM UNIFICADO;1ª fase / gabarito;Gabaritos Preliminares da Prova Objetiva (1ª Fase) - Atualizado em 04.05.2026;Clique aqui para acessar informações relativas ao 46º Exame/1ª fase/cadernos e gabaritos/Gabaritos Preliminares da Prova Objetiva (1ª Fase) - Atualizado em 04.05.2026.pdf;https://oab.fgv.br/arq/649/402132_OAB46%20Gabaritos%20para%20publica%c3%a7%c3%a3o%20v20260504%20(1).pdf;402132;6546b3934cdc49429f4c98b822c7775f07f5c49e0afb8a9b1c2cba324905bc51
Clique aqui para acessar informações relativas ao 46º EXAME DE ORDEM UNIFICADO;1ª fase / gabarito;Gabaritos definitivos da prova objetiva (1ª fase);Clique aqui para acessar informações relativas ao 46º Exame/1ª fase/cadernos e gabaritos/Gabaritos definitivos da prova objetiva (1ª fase).pdf;https://oab.fgv.br/arq/649/103500_oab261_gabarito_definitivo.pdf;103500;c57ac6a6c713f5efa3c3976506cb7f204f734b8ffb34d22cc0d3e23ab6651a5a
Clique aqui para acessar informações relativas ao 46º EXAME DE ORDEM UNIFICADO;2ª fase - Constitucional / caderno;Caderno de Provas (Direito Constitucional);Clique aqui para acessar informações relativas ao 46º Exame/2ª fase - Direito Constitucional/cadernos/Caderno de Provas (Direito Constitucional).pdf;https://oab.fgv.br/arq/649/519639_OAB46%20-%20B003%20(DIREITO%20CONSTITUCIONAL).pdf;519639;41f37394675a27447b2106b85e771a4174f8098593c4e19d5902807d9473e1c0
Clique aqui para acessar informações relativas ao 46º EXAME DE ORDEM UNIFICADO;2ª fase - Constitucional / padrão;Padrão de respostas (Direito Constitucional);Clique aqui para acessar informações relativas ao 46º Exame/2ª fase - Direito Constitucional/padrões de resposta/Padrão de respostas (Direito Constitucional).pdf;https://oab.fgv.br/arq/649/219541_OAB%2046%20-%20PADR%c3%83O%20DE%20RESPOSTA%20-%20B003%20-%20DIREITO%20CONSTITUCIONAL.pdf;219541;5b6fcf6fe1052b34bf1f33f37efb79c6a642b39019299c0b5d7a1da3f142b27e
Clique aqui para acessar informações relativas ao 46º EXAME DE ORDEM UNIFICADO;2ª fase - Constitucional / padrão;Padrão de respostas definitivo (Direito Constitucional);Clique aqui para acessar informações relativas ao 46º Exame/2ª fase - Direito Constitucional/padrões de resposta/Padrão de respostas definitivo (Direito Constitucional).pdf;https://oab.fgv.br/arq/649/302902_OAB%2046%20-%20PADR%c3%83O%20DE%20RESPOSTA%20-%20B003%20-%20DIREITO%20CONSTITUCIONAL.pdf;302902;ceb25a4303c515fe4e097f44ccb30fb6902b4089f31439b1ba281d5e4351b91b
Clique aqui para acessar informações relativas ao 45º EXAME DE ORDEM UNIFICADO;1ª fase / caderno;Caderno de Prova - Tipo 1;Clique aqui para acessar informações relativas ao 45º Exame/1ª fase/cadernos e gabaritos/Caderno de Prova - Tipo 1.pdf;https://oab.fgv.br/arq/648/405589_ADVOGADO%20OAB(CNS01)%20Tipo%201.pdf;405589;5f0504cb71c90334783c327f8ece43fbcabe83de37884598c1a976fb4025f3f1
Clique aqui para acessar informações relativas ao 45º EXAME DE ORDEM UNIFICADO;1ª fase / caderno;Caderno de Prova - Tipo 2;Clique aqui para acessar informações relativas ao 45º Exame/1ª fase/cadernos e gabaritos/Caderno de Prova - Tipo 2.pdf;https://oab.fgv.br/arq/648/408780_ADVOGADO%20OAB(CNS01)%20Tipo%202.pdf;408780;0cdd706bd50b818de724c2f8c79400288cfbb2082060bdc345e3a3b6e070b34c
Clique aqui para acessar informações relativas ao 45º EXAME DE ORDEM UNIFICADO;1ª fase / caderno;Caderno de Prova - Tipo 3;Clique aqui para acessar informações relativas ao 45º Exame/1ª fase/cadernos e gabaritos/Caderno de Prova - Tipo 3.pdf;https://oab.fgv.br/arq/648/405325_ADVOGADO%20OAB(CNS01)%20Tipo%203.pdf;405325;7d467f18cd62eb0eb5d15c3c43d7392596a76e58a58c44a88a7e98867e79a328
Clique aqui para acessar informações relativas ao 45º EXAME DE ORDEM UNIFICADO;1ª fase / caderno;Caderno de Prova - Tipo 4;Clique aqui para acessar informações relativas ao 45º Exame/1ª fase/cadernos e gabaritos/Caderno de Prova - Tipo 4.pdf;https://oab.fgv.br/arq/648/408672_ADVOGADO%20OAB(CNS01)%20Tipo%204.pdf;408672;a82b1bb565f157fc2f1722bae2e603df96b9841d9e11a7a6f0fbe0d744cde583
Clique aqui para acessar informações relativas ao 45º EXAME DE ORDEM UNIFICADO;1ª fase / gabarito;Gabaritos Preliminares da Prova Objetiva (1ª Fase) - Atualizado em 22.12.2025;Clique aqui para acessar informações relativas ao 45º Exame/1ª fase/cadernos e gabaritos/Gabaritos Preliminares da Prova Objetiva (1ª Fase) - Atualizado em 22.12.2025.pdf;https://oab.fgv.br/arq/648/335844_OAB45%20Gabaritos%20para%20publica%c3%a7%c3%a3o%20-%20v2.pdf;335844;648931866fdcf2d7cc1bd1b8170565acfbfa27bd83fd5fba9f33467055d1babe
Clique aqui para acessar informações relativas ao 45º EXAME DE ORDEM UNIFICADO;1ª fase / gabarito;Gabaritos definitivos da prova objetiva (1ª fase);Clique aqui para acessar informações relativas ao 45º Exame/1ª fase/cadernos e gabaritos/Gabaritos definitivos da prova objetiva (1ª fase).pdf;https://oab.fgv.br/arq/648/85707_OAB45%20Gabaritos%20para%20publica%c3%a7%c3%a3o%20-%20v3.pdf;85707;a3c90403f91370714d631063896eac3e96a5cfdd0490e7490e5a4b58b20345a6
Clique aqui para acessar informações relativas ao 45º EXAME DE ORDEM UNIFICADO;2ª fase - Constitucional / caderno;Caderno de Provas (Direito Constitucional);Clique aqui para acessar informações relativas ao 45º Exame/2ª fase - Direito Constitucional/cadernos/Caderno de Provas (Direito Constitucional).pdf;https://oab.fgv.br/arq/648/490071_OAB45%20-%20B003%20(DIREITO%20CONSTITUCIONAL).pdf;490071;072fb81d5a8e1698c647c23f7b241911b80e5e69f8b07f81f28c6b0745d49c71
Clique aqui para acessar informações relativas ao 45º EXAME DE ORDEM UNIFICADO;2ª fase - Constitucional / padrão;Padrão de respostas (Direito Constitucional);Clique aqui para acessar informações relativas ao 45º Exame/2ª fase - Direito Constitucional/padrões de resposta/Padrão de respostas (Direito Constitucional).pdf;https://oab.fgv.br/arq/648/370758_OAB%2045%20-%20PADR%c3%83O%20DE%20RESPOSTA%20-%20B003%20-%20DIREITO%20CONSTITUCIONAL.pdf;370758;877833a286834f6236b23ea867f1ad65cde497555d0582cf01159a39f2e257b2
Clique aqui para acessar informações relativas ao 45º EXAME DE ORDEM UNIFICADO;2ª fase - Constitucional / padrão;Padrão de respostas definitivo (Direito Constitucional);Clique aqui para acessar informações relativas ao 45º Exame/2ª fase - Direito Constitucional/padrões de resposta/Padrão de respostas definitivo (Direito Constitucional).pdf;https://oab.fgv.br/arq/648/139293_OAB%2045%20-%20PADR%c3%83O%20DE%20RESPOSTA%20-%20B003%20-%20DIREITO%20CONSTITUCIONAL%20-%20NOVO%20FORMATO.pdf;139293;294c554540224c7c8159a47172e9252604edfe6ebb166877e00d2f21d1b48b02
Clique aqui para acessar informações relativas ao 44º EXAME DE ORDEM UNIFICADO;1ª fase / caderno;Caderno de Prova - Tipo 1;Clique aqui para acessar informações relativas ao 44º Exame/1ª fase/cadernos e gabaritos/Caderno de Prova - Tipo 1.pdf;https://oab.fgv.br/arq/647/519680_ADVOGADO%20OAB(CNS01)%20Tipo%201%20(2).pdf;519680;1fdbbcc9708e795311c520294139ad54d7bd5e6aef48dbd7dca4484db33ba21d
Clique aqui para acessar informações relativas ao 44º EXAME DE ORDEM UNIFICADO;1ª fase / caderno;Caderno de Prova - Tipo 2;Clique aqui para acessar informações relativas ao 44º Exame/1ª fase/cadernos e gabaritos/Caderno de Prova - Tipo 2.pdf;https://oab.fgv.br/arq/647/520022_ADVOGADO%20OAB(CNS01)%20Tipo%202%20(2).pdf;520022;c032c1c73b4b8feb4353cde756111812cc8ade835211b4c0fc7562f5cfca1f20
Clique aqui para acessar informações relativas ao 44º EXAME DE ORDEM UNIFICADO;1ª fase / caderno;Caderno de Prova - Tipo 3;Clique aqui para acessar informações relativas ao 44º Exame/1ª fase/cadernos e gabaritos/Caderno de Prova - Tipo 3.pdf;https://oab.fgv.br/arq/647/521248_ADVOGADO%20OAB(CNS01)%20Tipo%203%20(2).pdf;521248;14e96854d673376a2060de7b4b6fad51bec0ff941ddc8b78c1910ed673a94d65
Clique aqui para acessar informações relativas ao 44º EXAME DE ORDEM UNIFICADO;1ª fase / caderno;Caderno de Prova - Tipo 4;Clique aqui para acessar informações relativas ao 44º Exame/1ª fase/cadernos e gabaritos/Caderno de Prova - Tipo 4.pdf;https://oab.fgv.br/arq/647/521435_ADVOGADO%20OAB(CNS01)%20Tipo%204%20(2).pdf;521435;3c19f446512f8bdf75e6337d47d39c0d1f40a35da46ba64536c70d8b4e1d110e
Clique aqui para acessar informações relativas ao 44º EXAME DE ORDEM UNIFICADO;1ª fase / gabarito;Gabaritos Preliminares da Prova Objetiva (1ª fase);Clique aqui para acessar informações relativas ao 44º Exame/1ª fase/cadernos e gabaritos/Gabaritos Preliminares da Prova Objetiva (1ª fase).pdf;https://oab.fgv.br/arq/647/253404_OAB44%20Gabaritos%20para%20publica%c3%a7%c3%a3o.pdf;253404;77c692a3bfcf4b9d7187306d0d500842d1662bc313bab87d219cc570218d2e78
Clique aqui para acessar informações relativas ao 44º EXAME DE ORDEM UNIFICADO;1ª fase / gabarito;Gabaritos definitivos da prova objetiva (1ª fase);Clique aqui para acessar informações relativas ao 44º Exame/1ª fase/cadernos e gabaritos/Gabaritos definitivos da prova objetiva (1ª fase).pdf;https://oab.fgv.br/arq/647/158882_OAB44%20Gabaritos%20para%20publica%c3%a7%c3%a3o%20-%20definitivo.pdf;158882;ae020716059b5913da3ff15b3ab8ed2e86a9658051f891c21f704e1c7f435d12
Clique aqui para acessar informações relativas ao 44º EXAME DE ORDEM UNIFICADO;2ª fase - Constitucional / caderno;Caderno de Provas (Direito Constitucional);Clique aqui para acessar informações relativas ao 44º Exame/2ª fase - Direito Constitucional/cadernos/Caderno de Provas (Direito Constitucional).pdf;https://oab.fgv.br/arq/647/1143362_OAB44%20-%20B003%20(DIREITO%20CONSTITUCIONAL).pdf;1143362;782b3a275a4e854aa1dcd4bdc892accfbaa3678de0a0a8cd6fdf4c6f91688725
Clique aqui para acessar informações relativas ao 44º EXAME DE ORDEM UNIFICADO;2ª fase - Constitucional / padrão;Padrão de Respostas (Direito Constitucional);Clique aqui para acessar informações relativas ao 44º Exame/2ª fase - Direito Constitucional/padrões de resposta/Padrão de Respostas (Direito Constitucional).pdf;https://oab.fgv.br/arq/647/296637_OAB44%20-%20B003%20(DIREITO%20CONSTITUCIONAL)%20-%20GABARITO%20PUBLICA%c3%87%c3%83O.pdf;296637;37ec3fa3e4c0e0d6e96c8c087cbe0f7d0a140b6dd5c7f03591d8ae31c7182aee
Clique aqui para acessar informações relativas ao 44º EXAME DE ORDEM UNIFICADO;2ª fase - Constitucional / padrão;Padrão de respostas definitivo (Direito Constitucional);Clique aqui para acessar informações relativas ao 44º Exame/2ª fase - Direito Constitucional/padrões de resposta/Padrão de respostas definitivo (Direito Constitucional).pdf;https://oab.fgv.br/arq/647/142752_OAB44%20-%20B003%20(DIREITO%20CONSTITUCIONAL).pdf;142752;b18d0951c3c8020751a60f2ae33765a67e220f01d33eafacc89f9c12f1b1269f
Clique aqui para acessar informações relativas ao 43º EXAME DE ORDEM UNIFICADO;1ª fase / caderno;Caderno de Prova - Tipo 1;Clique aqui para acessar informações relativas ao 43º Exame/1ª fase/cadernos e gabaritos/Caderno de Prova - Tipo 1.pdf;https://oab.fgv.br/arq/646/838452_ADVOGADO%20OAB(CNS01)%20Tipo%201.pdf;838452;702d2574165fffee6028134f416b92d6feef59be9fff44abc46eb0f590d302b8
Clique aqui para acessar informações relativas ao 43º EXAME DE ORDEM UNIFICADO;1ª fase / caderno;Caderno de Prova - Tipo 2;Clique aqui para acessar informações relativas ao 43º Exame/1ª fase/cadernos e gabaritos/Caderno de Prova - Tipo 2.pdf;https://oab.fgv.br/arq/646/1186603_ADVOGADO%20OAB(CNS01)%20Tipo%202.pdf;1186603;ec1062a9bee3c487e9a5b4f2a832c4f96b9439bd18281464a4ce6c693754b3f8
Clique aqui para acessar informações relativas ao 43º EXAME DE ORDEM UNIFICADO;1ª fase / caderno;Caderno de Prova - Tipo 3;Clique aqui para acessar informações relativas ao 43º Exame/1ª fase/cadernos e gabaritos/Caderno de Prova - Tipo 3.pdf;https://oab.fgv.br/arq/646/815185_ADVOGADO%20OAB(CNS01)%20Tipo%203.pdf;815185;bea16912a792a74be90ab439a41c634681aa3b22db83e2320f1ce95c0901793a
Clique aqui para acessar informações relativas ao 43º EXAME DE ORDEM UNIFICADO;1ª fase / caderno;Caderno de Prova - Tipo 4;Clique aqui para acessar informações relativas ao 43º Exame/1ª fase/cadernos e gabaritos/Caderno de Prova - Tipo 4.pdf;https://oab.fgv.br/arq/646/798560_ADVOGADO%20OAB(CNS01)%20Tipo%204.pdf;798560;afc4b49ad992202d261b8f4e34cadafb4400c3caed0b75834c43003056be65d0
Clique aqui para acessar informações relativas ao 43º EXAME DE ORDEM UNIFICADO;1ª fase / gabarito;Gabaritos Preliminares da Prova Objetiva (1ª fase) - atualizado em 30/04/2025;Clique aqui para acessar informações relativas ao 43º Exame/1ª fase/cadernos e gabaritos/Gabaritos Preliminares da Prova Objetiva (1ª fase) - atualizado em 30-04-2025.pdf;https://oab.fgv.br/arq/646/410294_OAB43%20Gabaritos%20para%20publica%c3%a7%c3%a3o%20-%20V20250430.pdf;410294;bab505bd1e2c0b0df039b08b1c15e186e628f8fbb748be87f9c28e26f69ee604
Clique aqui para acessar informações relativas ao 43º EXAME DE ORDEM UNIFICADO;1ª fase / gabarito;Gabaritos definitivos da prova objetiva (1ª fase);Clique aqui para acessar informações relativas ao 43º Exame/1ª fase/cadernos e gabaritos/Gabaritos definitivos da prova objetiva (1ª fase).pdf;https://oab.fgv.br/arq/646/194143_oab251_gabarito_definitivo_ms.pdf;194143;31e27871a5efb011d71a737e47c690b6126b894c908e8423aa28c5c600792bf4
Clique aqui para acessar informações relativas ao 43º EXAME DE ORDEM UNIFICADO;2ª fase - Constitucional / caderno;Caderno de Provas (Direito Constitucional);Clique aqui para acessar informações relativas ao 43º Exame/2ª fase - Direito Constitucional/cadernos/Caderno de Provas (Direito Constitucional).pdf;https://oab.fgv.br/arq/646/515111_OAB43%20-%20B003%20(DIREITO%20CONSTITUCIONAL).pdf;515111;b8741c18a9980b6fdd20130101e0e000d831583e1013f9d6c73efb4f41a7a001
Clique aqui para acessar informações relativas ao 43º EXAME DE ORDEM UNIFICADO;2ª fase - Constitucional / padrão;Padrão de respostas (Direito Constitucional);Clique aqui para acessar informações relativas ao 43º Exame/2ª fase - Direito Constitucional/padrões de resposta/Padrão de respostas (Direito Constitucional).pdf;https://oab.fgv.br/arq/646/473127_OAB%2043%20-%20GABARITO%20JUSTIFICADO%20-%20B003%20-%20DIREITO%20CONSTITUCIONAL.pdf;473127;bac5127a08c18c4dc0fa57da3dd3536232914aef5ad2dc44369e4d80547dee06
Clique aqui para acessar informações relativas ao 43º EXAME DE ORDEM UNIFICADO;2ª fase - Constitucional / padrão;Padrão de respostas definitivo (Direito Constitucional);Clique aqui para acessar informações relativas ao 43º Exame/2ª fase - Direito Constitucional/padrões de resposta/Padrão de respostas definitivo (Direito Constitucional).pdf;https://oab.fgv.br/arq/646/1409692_OAB%2043%20-%20GABARITO%20JUSTIFICADO%20-%20B003%20-%20DIREITO%20CONSTITUCIONAL_2.pdf;1409692;12efec0293369c776fcd67ce5e0827c6cd683ad5951c22f21ec2dbedc0f8359b
Clique aqui para acessar informações relativas ao 42º EXAME DE ORDEM UNIFICADO;1ª fase / caderno;Caderno de Prova - Tipo 1;Clique aqui para acessar informações relativas ao 42º Exame/1ª fase/cadernos e gabaritos/Caderno de Prova - Tipo 1.pdf;https://oab.fgv.br/arq/645/402439_OAB%2042%20-%20ADVOGADO%20OAB(CNS01)%20Tipo%201.pdf;402439;e3cfd8806bb51ec5681679f8321e89ede3ca3eba1da462d2d1b131933b9ce238
Clique aqui para acessar informações relativas ao 42º EXAME DE ORDEM UNIFICADO;1ª fase / caderno;Caderno de Prova - Tipo 2;Clique aqui para acessar informações relativas ao 42º Exame/1ª fase/cadernos e gabaritos/Caderno de Prova - Tipo 2.pdf;https://oab.fgv.br/arq/645/398548_OAB%2042%20-%20ADVOGADO%20OAB(CNS01)%20Tipo%202.pdf;398548;3a8b4c469024b9cf3a53c25826f0e9dc970b1230a8f3b322659f569627ee1813
Clique aqui para acessar informações relativas ao 42º EXAME DE ORDEM UNIFICADO;1ª fase / caderno;Caderno de Prova - Tipo 3;Clique aqui para acessar informações relativas ao 42º Exame/1ª fase/cadernos e gabaritos/Caderno de Prova - Tipo 3.pdf;https://oab.fgv.br/arq/645/399637_OAB%2042%20-%20ADVOGADO%20OAB(CNS01)%20Tipo%203.pdf;399637;a904c9abf2415dcd490caae22cda094bde6fddb840cfcaa529c463eabde9eb66
Clique aqui para acessar informações relativas ao 42º EXAME DE ORDEM UNIFICADO;1ª fase / caderno;Caderno de Prova - Tipo 4;Clique aqui para acessar informações relativas ao 42º Exame/1ª fase/cadernos e gabaritos/Caderno de Prova - Tipo 4.pdf;https://oab.fgv.br/arq/645/398547_OAB%2042%20-%20ADVOGADO%20OAB(CNS01)%20Tipo%204.pdf;398547;b6fb2109e8ecb0b46a9e5d78e038c2c4b054bfe5042f5c1ddbae69e354620db0
Clique aqui para acessar informações relativas ao 42º EXAME DE ORDEM UNIFICADO;1ª fase / gabarito;Gabaritos Preliminares da Prova Objetiva (1ª fase);Clique aqui para acessar informações relativas ao 42º Exame/1ª fase/cadernos e gabaritos/Gabaritos Preliminares da Prova Objetiva (1ª fase).pdf;https://oab.fgv.br/arq/645/674526_OAB42%20Gabaritos%20-%20V20241203.pdf;674526;f41efff08de623929569678d4a80a2cbe6c78c49e6868714865c05e14b215a1c
Clique aqui para acessar informações relativas ao 42º EXAME DE ORDEM UNIFICADO;1ª fase / gabarito;Gabaritos definitivos da prova objetiva (1ª fase);Clique aqui para acessar informações relativas ao 42º Exame/1ª fase/cadernos e gabaritos/Gabaritos definitivos da prova objetiva (1ª fase).pdf;https://oab.fgv.br/arq/645/273585_OAB42%20Gabaritos%20para%20publica%c3%a7%c3%a3o%20-%20V20241203%20(003).pdf;273585;acc91b855bc6769a24eb1b08ed60833f9f1773c0f36ce76315f7d496b0b0385c
Clique aqui para acessar informações relativas ao 42º EXAME DE ORDEM UNIFICADO;2ª fase - Constitucional / caderno;Caderno de Provas (Direito Constitucional);Clique aqui para acessar informações relativas ao 42º Exame/2ª fase - Direito Constitucional/cadernos/Caderno de Provas (Direito Constitucional).pdf;https://oab.fgv.br/arq/645/488369_B003%20-%20DIREITO%20CONSTITUCIONAL(CNS23)%20Tipo%201%20(4).pdf;488369;cfc38a4f641ce620f67013e77b1e0603db5b2745115b1b89ef6fbf5446d58e55
Clique aqui para acessar informações relativas ao 42º EXAME DE ORDEM UNIFICADO;2ª fase - Constitucional / padrão;Padrão de respostas (Direito Constitucional);Clique aqui para acessar informações relativas ao 42º Exame/2ª fase - Direito Constitucional/padrões de resposta/Padrão de respostas (Direito Constitucional).pdf;https://oab.fgv.br/arq/645/460961_OAB%2042%20-%20GABARITO%20JUSTIFICADO%20-%20B003%20-%20DIREITO%20CONSTITUCIONAL.pdf;460961;53d4932fe1fa63f55e6edcdba14c0c05867758129f1195cf848855c670aed3a2
Clique aqui para acessar informações relativas ao 42º EXAME DE ORDEM UNIFICADO;2ª fase - Constitucional / padrão;Padrão de respostas definitivo (Direito Constitucional);Clique aqui para acessar informações relativas ao 42º Exame/2ª fase - Direito Constitucional/padrões de resposta/Padrão de respostas definitivo (Direito Constitucional).pdf;https://oab.fgv.br/arq/645/1225075_OAB%2042%20-%20GABARITO%20JUSTIFICADO%20-%20B003%20-%20DIREITO%20CONSTITUCIONAL.pdf;1225075;5f42478f297d6d1530d1f261ad9e305f64ae16e97d3b30dbdc67d2786ee8a5f2
Clique aqui para acessar informações relativas ao 41º EXAME DE ORDEM UNIFICADO;1ª fase / caderno;Caderno de Prova - Tipo 1;Clique aqui para acessar informações relativas ao 41º Exame/1ª fase/cadernos e gabaritos/Caderno de Prova - Tipo 1.pdf;https://oab.fgv.br/arq/644/552356_ADVOGADO%20OAB(CNS01)%20Tipo%201%20(1).pdf;552356;e8d2e14d699ff8ed4c047574def10130ace6dc9c04d8e35fbf048426472b7714
Clique aqui para acessar informações relativas ao 41º EXAME DE ORDEM UNIFICADO;1ª fase / caderno;Caderno de Prova - Tipo 2;Clique aqui para acessar informações relativas ao 41º Exame/1ª fase/cadernos e gabaritos/Caderno de Prova - Tipo 2.pdf;https://oab.fgv.br/arq/644/549735_ADVOGADO%20OAB(CNS01)%20Tipo%202%20(1).pdf;549735;e61e4c6951544ccd4b2cae8d871d029370082c3509653d01d2c658fe439c901b
Clique aqui para acessar informações relativas ao 41º EXAME DE ORDEM UNIFICADO;1ª fase / caderno;Caderno de Prova - Tipo 3;Clique aqui para acessar informações relativas ao 41º Exame/1ª fase/cadernos e gabaritos/Caderno de Prova - Tipo 3.pdf;https://oab.fgv.br/arq/644/552828_ADVOGADO%20OAB(CNS01)%20Tipo%203%20(1).pdf;552828;8f7d1f64625fb507553294b078fc6a19f302725a8ec0d13087e8cc30a13764b3
Clique aqui para acessar informações relativas ao 41º EXAME DE ORDEM UNIFICADO;1ª fase / caderno;Caderno de Prova - Tipo 4;Clique aqui para acessar informações relativas ao 41º Exame/1ª fase/cadernos e gabaritos/Caderno de Prova - Tipo 4.pdf;https://oab.fgv.br/arq/644/550389_ADVOGADO%20OAB(CNS01)%20Tipo%204%20(1).pdf;550389;303fb0a4a47c03a0353417aecffab455934e817de6666371343f21cb77dd7312
Clique aqui para acessar informações relativas ao 41º EXAME DE ORDEM UNIFICADO;1ª fase / gabarito;Gabaritos Definitivos da Prova Objetiva (1ª fase);Clique aqui para acessar informações relativas ao 41º Exame/1ª fase/cadernos e gabaritos/Gabaritos Definitivos da Prova Objetiva (1ª fase).pdf;https://oab.fgv.br/arq/644/84844_oab242_gabarito_definitivo.pdf;84844;13df9bd8ab4dcd0c7cef4b152b3162f2f9b3b70b1163358ca3ad5d3a8b9c745e
Clique aqui para acessar informações relativas ao 41º EXAME DE ORDEM UNIFICADO;1ª fase / gabarito;Gabaritos Preliminares da Prova Objetiva (1ª fase);Clique aqui para acessar informações relativas ao 41º Exame/1ª fase/cadernos e gabaritos/Gabaritos Preliminares da Prova Objetiva (1ª fase).pdf;https://oab.fgv.br/arq/644/255635_OAB41%20Gabaritos%20para%20publica%c3%a7%c3%a3o%20-%20v20240728.pdf;255635;8207cfd14477c9cd6ffbb7c4579c1328ed698063bb09312781ae1bdca6f8c3f5
Clique aqui para acessar informações relativas ao 41º EXAME DE ORDEM UNIFICADO;2ª fase - Constitucional / caderno;Caderno de Provas (Direito Constitucional);Clique aqui para acessar informações relativas ao 41º Exame/2ª fase - Direito Constitucional/cadernos/Caderno de Provas (Direito Constitucional).pdf;https://oab.fgv.br/arq/644/518366_B003%20-%20DIREITO%20CONSTITUCIONAL(CNS23)%20Tipo%201%20(2).pdf;518366;29da6f91dd84719eff33f2c927a189bc4e921ce18759f63678a50d2e5fa9c750
Clique aqui para acessar informações relativas ao 41º EXAME DE ORDEM UNIFICADO;2ª fase - Constitucional / padrão;Padrão de respostas (Direito Constitucional);Clique aqui para acessar informações relativas ao 41º Exame/2ª fase - Direito Constitucional/padrões de resposta/Padrão de respostas (Direito Constitucional).pdf;https://oab.fgv.br/arq/644/402133_B003%20-%20DIREITO%20CONSTITUCIONAL(CNS23)%20Tipo%201%20-%20GABARITO%20COMENTADO.pdf;402133;7876e0c0d785ccf5da51fcb4aa25ad874c4a86f2b0a8c7ad262827188f830b34
Clique aqui para acessar informações relativas ao 41º EXAME DE ORDEM UNIFICADO;2ª fase - Constitucional / padrão;Padrão de respostas definitivo (Direito Constitucional);Clique aqui para acessar informações relativas ao 41º Exame/2ª fase - Direito Constitucional/padrões de resposta/Padrão de respostas definitivo (Direito Constitucional).pdf;https://oab.fgv.br/arq/644/524772_OAB%2041%20-%20B003%20-%20GABARITO%20JUSTIFICADO%20-%20DIREITO%20CONSTITUCIONAL.pdf;524772;ec246875dcaf3daeb5d5e05a96ccf7cf28b8241c80c9d8606054ba394618db42
Clique aqui para acessar informações relativas ao 40º EXAME DE ORDEM UNIFICADO;1ª fase / caderno;Caderno de Prova - Tipo 1;Clique aqui para acessar informações relativas ao 40º Exame/1ª fase/cadernos e gabaritos/Caderno de Prova - Tipo 1.pdf;https://oab.fgv.br/arq/643/341069_ADVOGADO%20OAB(CNS01)%20Tipo%201.pdf;341069;e1bc9e1e85ea761ebfc2119af2b6e1bddbd9c1e4709c640325d0c8093031009d
Clique aqui para acessar informações relativas ao 40º EXAME DE ORDEM UNIFICADO;1ª fase / caderno;Caderno de Prova - Tipo 2;Clique aqui para acessar informações relativas ao 40º Exame/1ª fase/cadernos e gabaritos/Caderno de Prova - Tipo 2.pdf;https://oab.fgv.br/arq/643/1101755_ADVOGADO%20OAB(CNS01)%20Tipo%202.pdf;1101755;afeed0a87fd1534054bb99a06a686fae1c346c6385bb582fe309dd5105cefb30
Clique aqui para acessar informações relativas ao 40º EXAME DE ORDEM UNIFICADO;1ª fase / caderno;Caderno de Prova - Tipo 3;Clique aqui para acessar informações relativas ao 40º Exame/1ª fase/cadernos e gabaritos/Caderno de Prova - Tipo 3.pdf;https://oab.fgv.br/arq/643/1117224_ADVOGADO%20OAB(CNS01)%20Tipo%203.pdf;1117224;bfcbb7aef627336fcc27b84d499186997f46832344e1681ed0dcca5b03ca3eca
Clique aqui para acessar informações relativas ao 40º EXAME DE ORDEM UNIFICADO;1ª fase / caderno;Caderno de Prova - Tipo 4;Clique aqui para acessar informações relativas ao 40º Exame/1ª fase/cadernos e gabaritos/Caderno de Prova - Tipo 4.pdf;https://oab.fgv.br/arq/643/1102422_ADVOGADO%20OAB(CNS01)%20Tipo%204.pdf;1102422;5105c04b22c3009ea58f9816f522feb056277f468ce919c870863d190cc393af
Clique aqui para acessar informações relativas ao 40º EXAME DE ORDEM UNIFICADO;1ª fase / gabarito;Gabaritos Definitivos da Prova Objetiva (1ª fase);Clique aqui para acessar informações relativas ao 40º Exame/1ª fase/cadernos e gabaritos/Gabaritos Definitivos da Prova Objetiva (1ª fase).pdf;https://oab.fgv.br/arq/643/244619_oab241_gabarito_definitivo%20(002)%20(1).pdf;244619;dd2c814108d074878fde6b75cc4014ef79dec41b710d4d920d5c88f99ba515b3
Clique aqui para acessar informações relativas ao 40º EXAME DE ORDEM UNIFICADO;1ª fase / gabarito;Gabaritos Preliminares da Prova Objetiva (1ª fase);Clique aqui para acessar informações relativas ao 40º Exame/1ª fase/cadernos e gabaritos/Gabaritos Preliminares da Prova Objetiva (1ª fase).pdf;https://oab.fgv.br/arq/643/603863_OABXL%20Gabaritos%20para%20publica%c3%a7%c3%a3o.pdf;603863;1e76d435bff4102e37e27b10982d4bcce66b5a8550059fdf1094a074bef254a7
Clique aqui para acessar informações relativas ao 40º EXAME DE ORDEM UNIFICADO;2ª fase - Constitucional / caderno;Caderno de Provas (Direito Constitucional);Clique aqui para acessar informações relativas ao 40º Exame/2ª fase - Direito Constitucional/cadernos/Caderno de Provas (Direito Constitucional).pdf;https://oab.fgv.br/arq/643/520416_B003%20-%20DIREITO%20CONSTITUCIONAL(CNS23)%20Tipo%201%20(1).pdf;520416;b2fd2f8f0566576028566256a1bdef278a84b834cdc56d7a95670f3b2368215b
Clique aqui para acessar informações relativas ao 40º EXAME DE ORDEM UNIFICADO;2ª fase - Constitucional / padrão;Padrão de respostas (Direito Constitucional);Clique aqui para acessar informações relativas ao 40º Exame/2ª fase - Direito Constitucional/padrões de resposta/Padrão de respostas (Direito Constitucional).pdf;https://oab.fgv.br/arq/643/603677_B003%20-%20GABARITO%20JUSTIFICADO%20-%20DIREITO%20CONSTITUCIONAL.pdf;603677;674fc8cd15f67a65c4e35d1023d9faccca7ee9eb38c27bed85aec46b87a10cb4
Clique aqui para acessar informações relativas ao 40º EXAME DE ORDEM UNIFICADO;2ª fase - Constitucional / padrão;Padrão de respostas definitivo (Direito Constitucional);Clique aqui para acessar informações relativas ao 40º Exame/2ª fase - Direito Constitucional/padrões de resposta/Padrão de respostas definitivo (Direito Constitucional).pdf;https://oab.fgv.br/arq/643/650478_B003%20-%20GABARITO%20JUSTIFICADO%20-%20DIREITO%20CONSTITUCIONAL.pdf;650478;cfe7199804ac6ccaa55d2369db5ebd867591241d2ea9d43686ac75f7792ee055
Clique aqui para acessar informações relativas ao 39º EXAME DE ORDEM UNIFICADO;1ª fase / caderno;Caderno de Prova - Tipo 1;Clique aqui para acessar informações relativas ao 39º Exame/1ª fase/cadernos e gabaritos/Caderno de Prova - Tipo 1.pdf;https://oab.fgv.br/arq/642/1108259_ADVOGADO%20OAB(CNS01)%20Tipo%201.pdf;1108259;15e84147f9a00e2a97eba7d72b252aeb0846190b2d6371658a2b013d920193e8
Clique aqui para acessar informações relativas ao 39º EXAME DE ORDEM UNIFICADO;1ª fase / caderno;Caderno de Prova - Tipo 2;Clique aqui para acessar informações relativas ao 39º Exame/1ª fase/cadernos e gabaritos/Caderno de Prova - Tipo 2.pdf;https://oab.fgv.br/arq/642/1104487_ADVOGADO%20OAB(CNS01)%20Tipo%202.pdf;1104487;e26371effef064bb594764550e64f135132befa7a8e5cad44e5685aee7aff58f
Clique aqui para acessar informações relativas ao 39º EXAME DE ORDEM UNIFICADO;1ª fase / caderno;Caderno de Prova - Tipo 3;Clique aqui para acessar informações relativas ao 39º Exame/1ª fase/cadernos e gabaritos/Caderno de Prova - Tipo 3.pdf;https://oab.fgv.br/arq/642/1104818_ADVOGADO%20OAB(CNS01)%20Tipo%203.pdf;1104818;b9a66d66dbe8b6f559ee1aa1c5285a354a8b3729024ca19bf499f307e9a537a1
Clique aqui para acessar informações relativas ao 39º EXAME DE ORDEM UNIFICADO;1ª fase / caderno;Caderno de Prova - Tipo 4;Clique aqui para acessar informações relativas ao 39º Exame/1ª fase/cadernos e gabaritos/Caderno de Prova - Tipo 4.pdf;https://oab.fgv.br/arq/642/1108840_ADVOGADO%20OAB(CNS01)%20Tipo%204.pdf;1108840;e84e2ec159c9ae062259efbfd5662daac72cffe8872214a7e9fbb982a17da1bf
Clique aqui para acessar informações relativas ao 39º EXAME DE ORDEM UNIFICADO;1ª fase / gabarito;Gabaritos Definitivos da Prova Objetiva (1ª fase);Clique aqui para acessar informações relativas ao 39º Exame/1ª fase/cadernos e gabaritos/Gabaritos Definitivos da Prova Objetiva (1ª fase).pdf;https://oab.fgv.br/arq/642/86039_OABXXXIX%20definitivo%20v20231205.pdf;86039;6a730564fbad529eee715e87a5d6f310c5ac4d0df7a19200ec45cd80b1761b71
Clique aqui para acessar informações relativas ao 39º EXAME DE ORDEM UNIFICADO;1ª fase / gabarito;Gabaritos Preliminares da Prova Objetiva (1ª fase);Clique aqui para acessar informações relativas ao 39º Exame/1ª fase/cadernos e gabaritos/Gabaritos Preliminares da Prova Objetiva (1ª fase).pdf;https://oab.fgv.br/arq/642/631883_OABXXXIX%20Gabaritos%20para%20publica%c3%a7%c3%a3o%20-%20V20231119.pdf;631883;4a0b4513b7623d8e6782b873d14c7f4599870968570eddd354e0ab0ca3e4a8fc
Clique aqui para acessar informações relativas ao 39º EXAME DE ORDEM UNIFICADO;2ª fase - Constitucional / caderno;Caderno de Provas (Direito Constitucional);Clique aqui para acessar informações relativas ao 39º Exame/2ª fase - Direito Constitucional/cadernos/Caderno de Provas (Direito Constitucional).pdf;https://oab.fgv.br/arq/642/1177449_B003%20-%20DIREITO%20CONSTITUCIONAL(CNS23)%20Tipo%201.pdf;1177449;69272c4a535a2bb91fd7d3a5ce753d6a17181e7fcc06068e1cecc79934fc9591
Clique aqui para acessar informações relativas ao 39º EXAME DE ORDEM UNIFICADO;2ª fase - Constitucional / padrão;Padrão de respostas (Direito Constitucional);Clique aqui para acessar informações relativas ao 39º Exame/2ª fase - Direito Constitucional/padrões de resposta/Padrão de respostas (Direito Constitucional).pdf;https://oab.fgv.br/arq/642/130218_B003%20-%20DIREITO%20CONSTITUCIONAL.pdf;130218;90065457624bfbe164274599ede66623a57949814341209ac0b6fef0e837f712
Clique aqui para acessar informações relativas ao 39º EXAME DE ORDEM UNIFICADO;2ª fase - Constitucional / padrão;Padrão de respostas definitivo (Direito Constitucional);Clique aqui para acessar informações relativas ao 39º Exame/2ª fase - Direito Constitucional/padrões de resposta/Padrão de respostas definitivo (Direito Constitucional).pdf;https://oab.fgv.br/arq/642/147109_B003%20-%20DIREITO%20CONSTITUCIONAL(CNS23).pdf;147109;d6201b50966983dc49bd1582a645d5ceb9b9f87b681483a80f25f86478741d93
Clique aqui para acessar informações relativas ao 38º EXAME DE ORDEM UNIFICADO;1ª fase / caderno;Caderno de Prova - Tipo 1;Clique aqui para acessar informações relativas ao 38º Exame/1ª fase/cadernos e gabaritos/Caderno de Prova - Tipo 1.pdf;https://oab.fgv.br/arq/641/1180933_OABXXXVIII%20-%20Prova%20Tipo%201.pdf;1180933;f8dd9d365f057c1e8f75748ce80b555b93958fdf8f31a6222ef68ce30e9d333f
Clique aqui para acessar informações relativas ao 38º EXAME DE ORDEM UNIFICADO;1ª fase / caderno;Caderno de Prova - Tipo 2;Clique aqui para acessar informações relativas ao 38º Exame/1ª fase/cadernos e gabaritos/Caderno de Prova - Tipo 2.pdf;https://oab.fgv.br/arq/641/1190578_OABXXXVIII%20-%20Prova%20Tipo%202.pdf;1190578;a2b5d1cda88529436c08d20fcd0066be565347fda0ee6035d9ef5a002231f770
Clique aqui para acessar informações relativas ao 38º EXAME DE ORDEM UNIFICADO;1ª fase / caderno;Caderno de Prova - Tipo 3;Clique aqui para acessar informações relativas ao 38º Exame/1ª fase/cadernos e gabaritos/Caderno de Prova - Tipo 3.pdf;https://oab.fgv.br/arq/641/1202995_OABXXXVIII%20-%20Prova%20Tipo%203.pdf;1202995;32751b8aef9a05d4a361e9feaed69978d3b8c14654990970cc018ecf5038b5fa
Clique aqui para acessar informações relativas ao 38º EXAME DE ORDEM UNIFICADO;1ª fase / caderno;Caderno de Prova - Tipo 4;Clique aqui para acessar informações relativas ao 38º Exame/1ª fase/cadernos e gabaritos/Caderno de Prova - Tipo 4.pdf;https://oab.fgv.br/arq/641/1188878_OABXXXVIII%20-%20Prova%20Tipo%204.pdf;1188878;80591ba4c12a843aa3dfdfea130a17358696a5381b11594fd96a54ca398f6a01
Clique aqui para acessar informações relativas ao 38º EXAME DE ORDEM UNIFICADO;1ª fase / gabarito;Gabaritos Definitivos da Prova Objetiva (1ª fase);Clique aqui para acessar informações relativas ao 38º Exame/1ª fase/cadernos e gabaritos/Gabaritos Definitivos da Prova Objetiva (1ª fase).pdf;https://oab.fgv.br/arq/641/77411_GABARITOS%20DEFINITIVOS_XXXVIII_EXAME_DE_ORDEM_20230724.pdf;77411;0f523053c2d2b2878fb90da0f9e6d0924ce213f7b00e71f207751cc7ad311b77
Clique aqui para acessar informações relativas ao 38º EXAME DE ORDEM UNIFICADO;1ª fase / gabarito;Gabaritos Preliminares da Prova Objetiva (1ª fase);Clique aqui para acessar informações relativas ao 38º Exame/1ª fase/cadernos e gabaritos/Gabaritos Preliminares da Prova Objetiva (1ª fase).pdf;https://oab.fgv.br/arq/641/675049_OABXXXVIII%20-%20Gabaritos%20para%20publica%c3%a7%c3%a3o.pdf;675049;839b67430da567706f53a2754553b6989dd52c55460e6c98f8edc85d89bfb810
Clique aqui para acessar informações relativas ao 38º EXAME DE ORDEM UNIFICADO;2ª fase - Constitucional / caderno;Caderno de Provas (Direito Constitucional);Clique aqui para acessar informações relativas ao 38º Exame/2ª fase - Direito Constitucional/cadernos/Caderno de Provas (Direito Constitucional).pdf;https://oab.fgv.br/arq/641/1205689_CNS23%20-%20DIREITO%20CONSTITUCIONAL.pdf;1205689;f4ec80357e32cae37f04bc9f29c327630c39e8e663071217eb1002596a140bdf
Clique aqui para acessar informações relativas ao 38º EXAME DE ORDEM UNIFICADO;2ª fase - Constitucional / padrão;Padrão de respostas (Direito Constitucional);Clique aqui para acessar informações relativas ao 38º Exame/2ª fase - Direito Constitucional/padrões de resposta/Padrão de respostas (Direito Constitucional).pdf;https://oab.fgv.br/arq/641/526768_OAB%20XXXVIII%20-%20CNS23%20-%20GABARITO%20JUSTIFICADO%20-%20DIREITO%20CONSTITUCIONAL.pdf;526768;411a31915c442ef6d8561233951cb44b74fd75a878084a0af5f2353ca789de95
Clique aqui para acessar informações relativas ao 38º EXAME DE ORDEM UNIFICADO;2ª fase - Constitucional / padrão;Padrão de respostas definitivo (Direito Constitucional);Clique aqui para acessar informações relativas ao 38º Exame/2ª fase - Direito Constitucional/padrões de resposta/Padrão de respostas definitivo (Direito Constitucional).pdf;https://oab.fgv.br/arq/641/551783_OAB%20XXXVIII%20-%20CNS23%20-%20GABARITO%20JUSTIFICADO%20-%20DIREITO%20CONSTITUCIONAL.pdf;551783;2927c9c8da2d24eb209769d1da0851c2101afe579439b2068bcc382ed9c475ee
Clique aqui para acessar informações relativas ao 37º EXAME DE ORDEM UNIFICADO;1ª fase / caderno;Caderno de Prova - Tipo 1;Clique aqui para acessar informações relativas ao 37º Exame/1ª fase/cadernos e gabaritos/Caderno de Prova - Tipo 1.pdf;https://oab.fgv.br/arq/640/641232_Advogado(EOU)%20Tipo%201.pdf;641232;59f5d7f6f90c9efc1e1e9a33065b9fd0be06cb2d24cdb9a345c77aa729b279f8
Clique aqui para acessar informações relativas ao 37º EXAME DE ORDEM UNIFICADO;1ª fase / caderno;Caderno de Prova - Tipo 2;Clique aqui para acessar informações relativas ao 37º Exame/1ª fase/cadernos e gabaritos/Caderno de Prova - Tipo 2.pdf;https://oab.fgv.br/arq/640/656830_Advogado(EOU)%20Tipo%202.pdf;656830;6a425b18c2045e9c4e185f19fa30c1e4106f050ea52ee2d767cfb83fb86748d7
Clique aqui para acessar informações relativas ao 37º EXAME DE ORDEM UNIFICADO;1ª fase / caderno;Caderno de Prova - Tipo 3;Clique aqui para acessar informações relativas ao 37º Exame/1ª fase/cadernos e gabaritos/Caderno de Prova - Tipo 3.pdf;https://oab.fgv.br/arq/640/664089_Advogado(EOU)%20Tipo%203.pdf;664089;1be4a93bfeccd328fe32ed95b131270a9dab832bfbf89438aa9b9ba2bdd0ab78
Clique aqui para acessar informações relativas ao 37º EXAME DE ORDEM UNIFICADO;1ª fase / caderno;Caderno de Prova - Tipo 4;Clique aqui para acessar informações relativas ao 37º Exame/1ª fase/cadernos e gabaritos/Caderno de Prova - Tipo 4.pdf;https://oab.fgv.br/arq/640/657242_Advogado(EOU)%20Tipo%204.pdf;657242;5e0b59ec0961f56b712cf73ec1143417c908e24c9477b88cf151645645344a8a
Clique aqui para acessar informações relativas ao 37º EXAME DE ORDEM UNIFICADO;1ª fase / gabarito;Gabaritos Definitivos da Prova Objetiva (1ª fase);Clique aqui para acessar informações relativas ao 37º Exame/1ª fase/cadernos e gabaritos/Gabaritos Definitivos da Prova Objetiva (1ª fase).pdf;https://oab.fgv.br/arq/640/82353_GABARITOS%20DEFINITIVOS_XXXVII_EXAME_DE_ORDEM.pdf;82353;4d638d4a31cd5c3cd796e2668e5319508318f29e013903b8719a0256b34a1eca
Clique aqui para acessar informações relativas ao 37º EXAME DE ORDEM UNIFICADO;1ª fase / gabarito;Gabaritos Preliminares da Prova Objetiva (1ª fase);Clique aqui para acessar informações relativas ao 37º Exame/1ª fase/cadernos e gabaritos/Gabaritos Preliminares da Prova Objetiva (1ª fase).pdf;https://oab.fgv.br/arq/640/77817_GABARITOS%20PRELIMINARES_XXXVII_EXAME_DE_ORDEM.pdf;77817;1dfdaa03ba9c1c93e6307c04c8090a3d509cf3eb8240721a6524dde9a07b3e90
Clique aqui para acessar informações relativas ao 37º EXAME DE ORDEM UNIFICADO;2ª fase - Constitucional / caderno;Caderno de Provas (Direito Constitucional);Clique aqui para acessar informações relativas ao 37º Exame/2ª fase - Direito Constitucional/cadernos/Caderno de Provas (Direito Constitucional).pdf;https://oab.fgv.br/arq/640/1659518_XXXVII%20Exame%20Constitucional%20-%20SEGUNDA%20FASE.pdf;1659518;3ba0bebf6d68519a6b00d0699a880dfa572633d6573e9f2b65cfdd13ad9d0a6b
Clique aqui para acessar informações relativas ao 37º EXAME DE ORDEM UNIFICADO;2ª fase - Constitucional / padrão;Padrão de respostas (Direito Constitucional);Clique aqui para acessar informações relativas ao 37º Exame/2ª fase - Direito Constitucional/padrões de resposta/Padrão de respostas (Direito Constitucional).pdf;https://oab.fgv.br/arq/640/206591_GABARITO%20JUSTIFICADO%20-%20DIREITO%20CONSTITUCIONAL.pdf;206591;2de0bac345288dcb324b92c835aad18411c44343a06680a296eb63b7bcb03fca
Clique aqui para acessar informações relativas ao 37º EXAME DE ORDEM UNIFICADO;2ª fase - Constitucional / padrão;Padrão de respostas definitivo (Direito Constitucional);Clique aqui para acessar informações relativas ao 37º Exame/2ª fase - Direito Constitucional/padrões de resposta/Padrão de respostas definitivo (Direito Constitucional).pdf;https://oab.fgv.br/arq/640/189525_189525_GABARITO%20JUSTIFICADO%20-%20DIREITO%20CONSTITUCIONAL.pdf;189525;fc424d469c9d0090616bac5decfc0f0148298ea120dcd4009548d16871e853df
Clique aqui para acessar informações relativas ao 36º EXAME DE ORDEM UNIFICADO;1ª fase / caderno;Caderno de Prova - Tipo 1;Clique aqui para acessar informações relativas ao 36º Exame/1ª fase/cadernos e gabaritos/Caderno de Prova - Tipo 1.pdf;https://oab.fgv.br/arq/639/527735_Advogado(EOU)%20Tipo%201.pdf;527735;40b82f93a29dcd10f2733d355aeb080f1f307c7c5bdf3d48e2f321a16749fe37
Clique aqui para acessar informações relativas ao 36º EXAME DE ORDEM UNIFICADO;1ª fase / caderno;Caderno de Prova - Tipo 2;Clique aqui para acessar informações relativas ao 36º Exame/1ª fase/cadernos e gabaritos/Caderno de Prova - Tipo 2.pdf;https://oab.fgv.br/arq/639/562789_Advogado(EOU)%20Tipo%202.pdf;562789;14028af44a697394c0ee911150fdc5fd171777b8ed8d9d5f0c215a60df78f940
Clique aqui para acessar informações relativas ao 36º EXAME DE ORDEM UNIFICADO;1ª fase / caderno;Caderno de Prova - Tipo 3;Clique aqui para acessar informações relativas ao 36º Exame/1ª fase/cadernos e gabaritos/Caderno de Prova - Tipo 3.pdf;https://oab.fgv.br/arq/639/586336_Advogado(EOU)%20Tipo%203.pdf;586336;e5f765dc1f1d2066c857b5cca8f878715558bb183768cafd1cafc14ff763252c
Clique aqui para acessar informações relativas ao 36º EXAME DE ORDEM UNIFICADO;1ª fase / caderno;Caderno de Prova - Tipo 4;Clique aqui para acessar informações relativas ao 36º Exame/1ª fase/cadernos e gabaritos/Caderno de Prova - Tipo 4.pdf;https://oab.fgv.br/arq/639/556216_Advogado(EOU)%20Tipo%204.pdf;556216;ce6087128d1fb6b6ea0d4f0a3a7b0edeca5b72ec748f33fab12267d19ffdba5b
Clique aqui para acessar informações relativas ao 36º EXAME DE ORDEM UNIFICADO;1ª fase / gabarito;Gabaritos Definitivos da Prova Objetiva (1ª fase);Clique aqui para acessar informações relativas ao 36º Exame/1ª fase/cadernos e gabaritos/Gabaritos Definitivos da Prova Objetiva (1ª fase).pdf;https://oab.fgv.br/arq/639/243215_GABARITOS%20DEFINITIVOS_XXXVI_EXAME_DE_ORDEM.pdf;243215;18cbb6c662e66f18c415551b2b3056b4dc835a0b6acc02934073296ac362da92
Clique aqui para acessar informações relativas ao 36º EXAME DE ORDEM UNIFICADO;1ª fase / gabarito;Gabaritos Preliminares da Prova Objetiva (1ª fase);Clique aqui para acessar informações relativas ao 36º Exame/1ª fase/cadernos e gabaritos/Gabaritos Preliminares da Prova Objetiva (1ª fase).pdf;https://oab.fgv.br/arq/639/75766_GABARITOS%20PRELIMINARES_XXXVI_EXAME_DE_ORDEM.pdf;75766;2f2605374cec3144f445afed938a127fddbd883ef8909795eaef02dc3457d227
Clique aqui para acessar informações relativas ao 36º EXAME DE ORDEM UNIFICADO;2ª fase - Constitucional / caderno;Caderno de Provas (Direito Constitucional);Clique aqui para acessar informações relativas ao 36º Exame/2ª fase - Direito Constitucional/cadernos/Caderno de Provas (Direito Constitucional).pdf;https://oab.fgv.br/arq/639/1655384_XXXVI%20Exame%20Constitucional%20-%20SEGUNDA%20FASE.pdf;1655384;2d9bea37108392f138e153c8044f105c33dc5ff3a1f96ad77342f4963ef27c46
Clique aqui para acessar informações relativas ao 36º EXAME DE ORDEM UNIFICADO;2ª fase - Constitucional / padrão;Padrão de respostas (Direito Constitucional);Clique aqui para acessar informações relativas ao 36º Exame/2ª fase - Direito Constitucional/padrões de resposta/Padrão de respostas (Direito Constitucional).pdf;https://oab.fgv.br/arq/639/165616_GABARITO%20JUSTIFICADO%20-%20DIREITO%20CONSTITUCIONAL.pdf;165616;aab1f03b66e5b1e799851487be22c98218dc2744903ea8125486eb616ca71d22
Clique aqui para acessar informações relativas ao 36º EXAME DE ORDEM UNIFICADO;2ª fase - Constitucional / padrão;Padrão de respostas definitivo (Direito Constitucional);Clique aqui para acessar informações relativas ao 36º Exame/2ª fase - Direito Constitucional/padrões de resposta/Padrão de respostas definitivo (Direito Constitucional).pdf;https://oab.fgv.br/arq/639/281016_GABARITO%20JUSTIFICADO%20-%20DIREITO%20CONSTITUCIONAL.pdf;281016;96a66d4868d078523c463557d12c951cf3c892a24526b5dd5daf339c006eec75
Clique aqui para acessar informações relativas ao 35º EXAME DE ORDEM UNIFICADO;1ª fase / caderno;Caderno de Prova - Tipo 1;Clique aqui para acessar informações relativas ao 35º Exame/1ª fase/cadernos e gabaritos/Caderno de Prova - Tipo 1.pdf;https://oab.fgv.br/arq/638/686848_OAB222%20Advogado%20(EOU)%20Tipo%201.pdf;686848;051bbca2d41cbf1a6c94c1eeced1c6b031994b4420f71b92b464ed663c95c2cf
Clique aqui para acessar informações relativas ao 35º EXAME DE ORDEM UNIFICADO;1ª fase / caderno;Caderno de Prova - Tipo 2;Clique aqui para acessar informações relativas ao 35º Exame/1ª fase/cadernos e gabaritos/Caderno de Prova - Tipo 2.pdf;https://oab.fgv.br/arq/638/820648_OAB222%20Advogado%20(EOU)%20Tipo%202.pdf;820648;a50cd9d1ac7a5a9941f3a8452f0cc61a3cfeadd9fd01c763e7ac6967d53c46cd
Clique aqui para acessar informações relativas ao 35º EXAME DE ORDEM UNIFICADO;1ª fase / caderno;Caderno de Prova - Tipo 3;Clique aqui para acessar informações relativas ao 35º Exame/1ª fase/cadernos e gabaritos/Caderno de Prova - Tipo 3.pdf;https://oab.fgv.br/arq/638/840593_OAB222%20Advogado%20(EOU)%20Tipo%203.pdf;840593;733b2ecf8df2b327a8b54a726e18f336219f8b38ac4ad74f43bddad19f3600e7
Clique aqui para acessar informações relativas ao 35º EXAME DE ORDEM UNIFICADO;1ª fase / caderno;Caderno de Prova - Tipo 4;Clique aqui para acessar informações relativas ao 35º Exame/1ª fase/cadernos e gabaritos/Caderno de Prova - Tipo 4.pdf;https://oab.fgv.br/arq/638/811337_OAB222%20Advogado%20(EOU)%20Tipo%204.pdf;811337;811b81f2aa5a9caf749e679a051eb8811fc50ef24ab612e33043b20760f79a79
Clique aqui para acessar informações relativas ao 35º EXAME DE ORDEM UNIFICADO;1ª fase / gabarito;Gabaritos Definitivos da Prova Objetiva (1ª fase);Clique aqui para acessar informações relativas ao 35º Exame/1ª fase/cadernos e gabaritos/Gabaritos Definitivos da Prova Objetiva (1ª fase).pdf;https://oab.fgv.br/arq/638/474880_GABARITOS%20DEFINITIVOS_XXXV_EXAME_DE_ORDEM.pdf;474880;c741b3fe362505e35e23514aabad9760975817f9e9ec6620691b0ba57f180b04
Clique aqui para acessar informações relativas ao 35º EXAME DE ORDEM UNIFICADO;1ª fase / gabarito;Gabaritos Preliminares da Prova Objetiva (1ª fase);Clique aqui para acessar informações relativas ao 35º Exame/1ª fase/cadernos e gabaritos/Gabaritos Preliminares da Prova Objetiva (1ª fase).pdf;https://oab.fgv.br/arq/638/80040_GABARITOS%20PRELIMINARES_XXXV_EXAME_DE_ORDEM.pdf;80040;5b1bbd7513462faddf6cf2acbd119a13d81cc913bed0f6842922f17cc164ff12
Clique aqui para acessar informações relativas ao 35º EXAME DE ORDEM UNIFICADO;2ª fase - Constitucional / caderno;Caderno de Provas (Direito Constitucional);Clique aqui para acessar informações relativas ao 35º Exame/2ª fase - Direito Constitucional/cadernos/Caderno de Provas (Direito Constitucional).pdf;https://oab.fgv.br/arq/638/1652761_XXXV%20Exame%20Constitucional%20-%20SEGUNDA%20FASE.pdf;1652761;34b34c7a8ed10468a388735f754a807c7d5555cf7d47e0727b842d4509388881
Clique aqui para acessar informações relativas ao 35º EXAME DE ORDEM UNIFICADO;2ª fase - Constitucional / padrão;Padrão de respostas (Direito Constitucional);Clique aqui para acessar informações relativas ao 35º Exame/2ª fase - Direito Constitucional/padrões de resposta/Padrão de respostas (Direito Constitucional).pdf;https://oab.fgv.br/arq/638/161548_GABARITO%20JUSTIFICADO%20-%20DIREITO%20CONSTITUCIONAL.pdf;161548;ff567e5bea4166bba674e1b1b648a1789a83ea5ac9cc661173ec8d5f0347a327
Clique aqui para acessar informações relativas ao 35º EXAME DE ORDEM UNIFICADO;2ª fase - Constitucional / padrão;Padrão de respostas definitivo (Direito Constitucional);Clique aqui para acessar informações relativas ao 35º Exame/2ª fase - Direito Constitucional/padrões de resposta/Padrão de respostas definitivo (Direito Constitucional).pdf;https://oab.fgv.br/arq/638/186875_GABARITO%20JUSTIFICADO%20-%20DIREITO%20CONSTITUCIONAL.pdf;186875;73ff30516f3883db1b1b50e8736763f7049a03ea3c75de4ca0a3f653e24b4a6a
Clique aqui para acessar informações relativas ao XXXIV EXAME DE ORDEM UNIFICADO;1ª fase / caderno;Caderno de Prova - Tipo 1;Clique aqui para acessar informações relativas ao XXXIV Exame/1ª fase/cadernos e gabaritos/Caderno de Prova - Tipo 1.pdf;https://oab.fgv.br/arq/637/466708_OAB221%20Advogado%20(EOU)%20Tipo%201.pdf;466708;2e5311a24124196d03e5379205deb54a1d9b5727bfb00e0ac443b9965e219ac5
Clique aqui para acessar informações relativas ao XXXIV EXAME DE ORDEM UNIFICADO;1ª fase / caderno;Caderno de Prova - Tipo 2;Clique aqui para acessar informações relativas ao XXXIV Exame/1ª fase/cadernos e gabaritos/Caderno de Prova - Tipo 2.pdf;https://oab.fgv.br/arq/637/471809_OAB221%20Advogado%20(EOU)%20Tipo%202.pdf;471809;ae0ef42f0a177a12ae69c1849aaffc77730419f49b73ab296ac12fba1c73dda5
Clique aqui para acessar informações relativas ao XXXIV EXAME DE ORDEM UNIFICADO;1ª fase / caderno;Caderno de Prova - Tipo 3;Clique aqui para acessar informações relativas ao XXXIV Exame/1ª fase/cadernos e gabaritos/Caderno de Prova - Tipo 3.pdf;https://oab.fgv.br/arq/637/475572_OAB221%20Advogado%20(EOU)%20Tipo%203.pdf;475572;3499658ac77f98544976497ed3464fe913601b5756c9fc623baf68a149adb0a8
Clique aqui para acessar informações relativas ao XXXIV EXAME DE ORDEM UNIFICADO;1ª fase / caderno;Caderno de Prova - Tipo 4;Clique aqui para acessar informações relativas ao XXXIV Exame/1ª fase/cadernos e gabaritos/Caderno de Prova - Tipo 4.pdf;https://oab.fgv.br/arq/637/481793_OAB221%20Advogado%20(EOU)%20Tipo%204.pdf;481793;43c53db6bcea1d69d04e1c0ef601094076825567289a75cfe67592dd5f50c461
Clique aqui para acessar informações relativas ao XXXIV EXAME DE ORDEM UNIFICADO;1ª fase / gabarito;Gabaritos Preliminares da Prova Objetiva (1ª fase);Clique aqui para acessar informações relativas ao XXXIV Exame/1ª fase/cadernos e gabaritos/Gabaritos Preliminares da Prova Objetiva (1ª fase).pdf;https://oab.fgv.br/arq/637/76291_GABARITOS%20PRELIMINARES_XXXIV_EXAME_DE_ORDEM.pdf;76291;f297d854029f0b1c16951602b6dac74876a1f6f8e8ddb337e149580c46d90cb6
Clique aqui para acessar informações relativas ao XXXIV EXAME DE ORDEM UNIFICADO;2ª fase - Constitucional / caderno;Caderno de Provas (Direito Constitucional);Clique aqui para acessar informações relativas ao XXXIV Exame/2ª fase - Direito Constitucional/cadernos/Caderno de Provas (Direito Constitucional).pdf;https://oab.fgv.br/arq/637/1645395_XXXIV%20Exame%20Constitucional%20-%20SEGUNDA%20FASE.pdf;1645395;9e27d7dccd82c58ee189405e2516782e967cc567ef8df713e647d1b39ba1fc6b
Clique aqui para acessar informações relativas ao XXXIV EXAME DE ORDEM UNIFICADO;2ª fase - Constitucional / padrão;Padrão de respostas (Direito Constitucional);Clique aqui para acessar informações relativas ao XXXIV Exame/2ª fase - Direito Constitucional/padrões de resposta/Padrão de respostas (Direito Constitucional).pdf;https://oab.fgv.br/arq/637/153139_GABARITO%20JUSTIFICADO%20-%20DIREITO%20CONSTITUCIONAL.pdf;153139;7ec0f778d159b78c52e67d6037142574c7babd68d5e86a6aed774a1b83638984
Clique aqui para acessar informações relativas ao XXXIV EXAME DE ORDEM UNIFICADO;2ª fase - Constitucional / padrão;Padrão de respostas definitivo (Direito Constitucional);Clique aqui para acessar informações relativas ao XXXIV Exame/2ª fase - Direito Constitucional/padrões de resposta/Padrão de respostas definitivo (Direito Constitucional).pdf;https://oab.fgv.br/arq/637/177002_GABARITO%20JUSTIFICADO%20-%20DIREITO%20CONSTITUCIONAL.pdf;177002;1024a543069e872a907371a7ecd74c780c58a248123f8f78160536ae82f94ccc
Clique aqui para acessar informações relativas ao XXXIII EXAME DE ORDEM UNIFICADO;1ª fase / caderno;Caderno de Prova - Tipo 1;Clique aqui para acessar informações relativas ao XXXIII Exame/1ª fase/cadernos e gabaritos/Caderno de Prova - Tipo 1.pdf;https://oab.fgv.br/arq/636/876260_OAB212%20Advogado%20(EOU)%20Tipo%201.pdf;876260;f3d248892e71cc4bd1fd4bab53eba8c12263a02b355330dc947933e27d7f9afa
Clique aqui para acessar informações relativas ao XXXIII EXAME DE ORDEM UNIFICADO;1ª fase / caderno;Caderno de Prova - Tipo 2;Clique aqui para acessar informações relativas ao XXXIII Exame/1ª fase/cadernos e gabaritos/Caderno de Prova - Tipo 2.pdf;https://oab.fgv.br/arq/636/910249_OAB212%20Advogado%20(EOU)%20Tipo%202.pdf;910249;ec06a569be87037a20fc0bd70e12a185446ec7be9e58ac9aa8e1e21077dd4060
Clique aqui para acessar informações relativas ao XXXIII EXAME DE ORDEM UNIFICADO;1ª fase / caderno;Caderno de Prova - Tipo 3;Clique aqui para acessar informações relativas ao XXXIII Exame/1ª fase/cadernos e gabaritos/Caderno de Prova - Tipo 3.pdf;https://oab.fgv.br/arq/636/930610_OAB212%20Advogado%20(EOU)%20Tipo%203.pdf;930610;71222c6acf0c61f29b5db6c3001d73d8a0cef073efceeba35bc9949e0b5c2cc4
Clique aqui para acessar informações relativas ao XXXIII EXAME DE ORDEM UNIFICADO;1ª fase / caderno;Caderno de Prova - Tipo 4;Clique aqui para acessar informações relativas ao XXXIII Exame/1ª fase/cadernos e gabaritos/Caderno de Prova - Tipo 4.pdf;https://oab.fgv.br/arq/636/912769_OAB212%20Advogado%20(EOU)%20Tipo%204.pdf;912769;a6548cc3b463b0dfaf4149941dd60c81718c672a3a8efaa7b289a0bd187e34c4
Clique aqui para acessar informações relativas ao XXXIII EXAME DE ORDEM UNIFICADO;1ª fase / gabarito;Gabaritos Preliminares da Prova Objetiva (1ª fase);Clique aqui para acessar informações relativas ao XXXIII Exame/1ª fase/cadernos e gabaritos/Gabaritos Preliminares da Prova Objetiva (1ª fase).pdf;https://oab.fgv.br/arq/636/475460_GABARITOS%20PRELIMINARES_XXXIII_EXAME_DE_ORDEM_COMANULACAO.pdf;475460;0e2be0b8aa5ff20693dbbd14fc41ee61a643b937fbf98b25dc9f0d5848a35f38
Clique aqui para acessar informações relativas ao XXXIII EXAME DE ORDEM UNIFICADO;2ª fase - Constitucional / caderno;Caderno de Provas (Direito Constitucional);Clique aqui para acessar informações relativas ao XXXIII Exame/2ª fase - Direito Constitucional/cadernos/Caderno de Provas (Direito Constitucional).pdf;https://oab.fgv.br/arq/636/1867324_XXXIII%20Exame%20Constitucional%20-%20SEGUNDA%20FASE.pdf;1867324;91e1b3488d863e75daf420dbc73d01d6515e5500624796d5c79e1595f0543fd2
Clique aqui para acessar informações relativas ao XXXIII EXAME DE ORDEM UNIFICADO;2ª fase - Constitucional / padrão;Padrão de respostas (Direito Constitucional);Clique aqui para acessar informações relativas ao XXXIII Exame/2ª fase - Direito Constitucional/padrões de resposta/Padrão de respostas (Direito Constitucional).pdf;https://oab.fgv.br/arq/636/138723_GABARITO%20JUSTIFICADO%20-%20DIREITO%20CONSTITUCIONAL.pdf;138723;4774df3279cb4772008106f8a132985afae9a6c1c9c54d7794280a246f2b26cf
Clique aqui para acessar informações relativas ao XXXIII EXAME DE ORDEM UNIFICADO;2ª fase - Constitucional / padrão;Padrão de respostas definitivo (Direito Constitucional);Clique aqui para acessar informações relativas ao XXXIII Exame/2ª fase - Direito Constitucional/padrões de resposta/Padrão de respostas definitivo (Direito Constitucional).pdf;https://oab.fgv.br/arq/636/643132_GABARITO%20JUSTIFICADO%20-%20DIREITO%20CONSTITUCIONAL.pdf;643132;baabb32acdc3925261fb7c78f04e44220a397b10a373c670fb87ea8a670239ca
Clique aqui para acessar informações relativas ao XXXII EXAME DE ORDEM UNIFICADO;1ª fase / caderno;Caderno de Prova - Tipo 1;Clique aqui para acessar informações relativas ao XXXII Exame/1ª fase/cadernos e gabaritos/Caderno de Prova - Tipo 1.pdf;https://oab.fgv.br/arq/635/801338_OAB211%20Advogado%20(ADVG)%20Tipo%201.pdf;801338;40bbbfe9258dd2e662234f155cb23a3d0fb343dc490ddfc6ed85e01646e689b1
Clique aqui para acessar informações relativas ao XXXII EXAME DE ORDEM UNIFICADO;1ª fase / caderno;Caderno de Prova - Tipo 2;Clique aqui para acessar informações relativas ao XXXII Exame/1ª fase/cadernos e gabaritos/Caderno de Prova - Tipo 2.pdf;https://oab.fgv.br/arq/635/802675_OAB211%20Advogado%20(ADVG)%20Tipo%202.pdf;802675;33b37b105bbb06295f7c76289395fa62ec5b90bc3217e07ad7a1eec7c5ef7b6e
Clique aqui para acessar informações relativas ao XXXII EXAME DE ORDEM UNIFICADO;1ª fase / caderno;Caderno de Prova - Tipo 3;Clique aqui para acessar informações relativas ao XXXII Exame/1ª fase/cadernos e gabaritos/Caderno de Prova - Tipo 3.pdf;https://oab.fgv.br/arq/635/813102_OAB211%20Advogado%20(ADVG)%20Tipo%203.pdf;813102;b479bbb70b284e2627b1c4d08b10d3c1febe60ae89e53e2ac395473e3d454e48
Clique aqui para acessar informações relativas ao XXXII EXAME DE ORDEM UNIFICADO;1ª fase / caderno;Caderno de Prova - Tipo 4;Clique aqui para acessar informações relativas ao XXXII Exame/1ª fase/cadernos e gabaritos/Caderno de Prova - Tipo 4.pdf;https://oab.fgv.br/arq/635/808078_OAB211%20Advogado%20(ADVG)%20Tipo%204.pdf;808078;81ad46cfe59b30ce53e5c332f93a032a00e60e003de7251a9a1d351d8ffdfa62
Clique aqui para acessar informações relativas ao XXXII EXAME DE ORDEM UNIFICADO;1ª fase / gabarito;Gabaritos Preliminares da Prova Objetiva (1ª fase);Clique aqui para acessar informações relativas ao XXXII Exame/1ª fase/cadernos e gabaritos/Gabaritos Preliminares da Prova Objetiva (1ª fase).pdf;https://oab.fgv.br/arq/635/590557_GABARITOS%20PRELIMINARES_XXXII_EXAME_DE_ORDEM_Proposta2_ANULACOES.pdf;590557;21e9b54dc3e4250193828168b9640db3aaf6035e85cb53ba189c011b00eb0cca
Clique aqui para acessar informações relativas ao XXXII EXAME DE ORDEM UNIFICADO;2ª fase - Constitucional / caderno;Caderno de Provas (Direito Constitucional);Clique aqui para acessar informações relativas ao XXXII Exame/2ª fase - Direito Constitucional/cadernos/Caderno de Provas (Direito Constitucional).pdf;https://oab.fgv.br/arq/635/1857083_XXXII%20Exame%20Constitucional%20-%20SEGUNDA%20FASE.pdf;1857083;056c48815effbbdd7df60c9a57754f3e45d4842025af510c5ce67eb769509e55
Clique aqui para acessar informações relativas ao XXXII EXAME DE ORDEM UNIFICADO;2ª fase - Constitucional / padrão;Padrão de respostas (Direito Constitucional);Clique aqui para acessar informações relativas ao XXXII Exame/2ª fase - Direito Constitucional/padrões de resposta/Padrão de respostas (Direito Constitucional).pdf;https://oab.fgv.br/arq/635/116880_GABARITO%20JUSTIFICADO%20-%20DIREITO%20CONSTITUCIONAL.pdf;116880;d7bbfe62ca22c674d6f43fdeec8bc08130ba839b454e7a99778ba66a257d0842
Clique aqui para acessar informações relativas ao XXXII EXAME DE ORDEM UNIFICADO;2ª fase - Constitucional / padrão;Padrão de respostas definitivo (Direito Constitucional);Clique aqui para acessar informações relativas ao XXXII Exame/2ª fase - Direito Constitucional/padrões de resposta/Padrão de respostas definitivo (Direito Constitucional).pdf;https://oab.fgv.br/arq/635/644003_GABARITO%20JUSTIFICADO%20-%20DIREITO%20CONSTITUCIONAL%20-REVISADA.pdf;644003;23638882b27302857815a70fe328cc4750a6366767b96ff930db237b270ba3f4
Clique aqui para acessar informações relativas ao XXXI EXAME DE ORDEM UNIFICADO;1ª fase / caderno;Caderno de Prova - Tipo 1;Clique aqui para acessar informações relativas ao XXXI Exame/1ª fase/cadernos e gabaritos/Caderno de Prova - Tipo 1.pdf;https://oab.fgv.br/arq/634/1063219_OAB201%20Advogado%20(ADVG)%20Tipo%201.pdf;1063219;c3d3e8e96f5691d9ff6987ad394166ae2575a08f01b33448f45f394f067974b4
Clique aqui para acessar informações relativas ao XXXI EXAME DE ORDEM UNIFICADO;1ª fase / caderno;Caderno de Prova - Tipo 2;Clique aqui para acessar informações relativas ao XXXI Exame/1ª fase/cadernos e gabaritos/Caderno de Prova - Tipo 2.pdf;https://oab.fgv.br/arq/634/1076799_OAB201%20Advogado%20(ADVG)%20Tipo%202.pdf;1076799;155267d0a69fa59d6658db06da95dff9840dbd22c496c7580003d8c1b94c3b57
Clique aqui para acessar informações relativas ao XXXI EXAME DE ORDEM UNIFICADO;1ª fase / caderno;Caderno de Prova - Tipo 3;Clique aqui para acessar informações relativas ao XXXI Exame/1ª fase/cadernos e gabaritos/Caderno de Prova - Tipo 3.pdf;https://oab.fgv.br/arq/634/1079792_OAB201%20Advogado%20(ADVG)%20Tipo%203.pdf;1079792;820a3b4ff544031c60062e6341423b1a10b36d1d656315ecc1d1fb5a2b1a9b69
Clique aqui para acessar informações relativas ao XXXI EXAME DE ORDEM UNIFICADO;1ª fase / caderno;Caderno de Prova - Tipo 4;Clique aqui para acessar informações relativas ao XXXI Exame/1ª fase/cadernos e gabaritos/Caderno de Prova - Tipo 4.pdf;https://oab.fgv.br/arq/634/1070124_OAB201%20Advogado%20(ADVG)%20Tipo%204.pdf;1070124;b5c649da76412caed0d8210cf31b8aaa6eeec7bc23dc13786f075edc111091ea
Clique aqui para acessar informações relativas ao XXXI EXAME DE ORDEM UNIFICADO;1ª fase / gabarito;Gabaritos Preliminares da Prova Objetiva (1ª fase);Clique aqui para acessar informações relativas ao XXXI Exame/1ª fase/cadernos e gabaritos/Gabaritos Preliminares da Prova Objetiva (1ª fase).pdf;https://oab.fgv.br/arq/634/70919_GABARITOS%20PRELIMINARES_XXXI_EXAME_DE_ORDEM.pdf;70919;71ed2fca492631d4eb73e2f3722b65fbb242c2cd677d77b0a87e0df37582bafa
Clique aqui para acessar informações relativas ao XXXI EXAME DE ORDEM UNIFICADO;2ª fase - Constitucional / caderno;Caderno de provas (Direito Constitucional);Clique aqui para acessar informações relativas ao XXXI Exame/2ª fase - Direito Constitucional/cadernos/Caderno de provas (Direito Constitucional).pdf;https://oab.fgv.br/arq/634/1942152_XXXI%20Exame%20Constitucional%20-%20SEGUNDA%20FASE_BW.pdf;1942152;bf80882d2b138d0d46ed687a1354ef74f0920db169c4c0e40b5a017104209050
Clique aqui para acessar informações relativas ao XXXI EXAME DE ORDEM UNIFICADO;2ª fase - Constitucional / padrão;Padrão de respostas (Direito Constitucional);Clique aqui para acessar informações relativas ao XXXI Exame/2ª fase - Direito Constitucional/padrões de resposta/Padrão de respostas (Direito Constitucional).pdf;https://oab.fgv.br/arq/634/138236_GABARITO%20JUSTIFICADO%20-%20DIREITO%20CONSTITUCIONAL%20(1).pdf;138236;73003d4843c6b6807e9dd151f4739d833752afbe230c7ca02de99afb1e5b6697
Clique aqui para acessar informações relativas ao XXXI EXAME DE ORDEM UNIFICADO;2ª fase - Constitucional / padrão;Padrão de respostas definitivo (Direito Constitucional);Clique aqui para acessar informações relativas ao XXXI Exame/2ª fase - Direito Constitucional/padrões de resposta/Padrão de respostas definitivo (Direito Constitucional).pdf;https://oab.fgv.br/arq/634/231776_GABARITO%20JUSTIFICADO%20-%20DIREITO%20CONSTITUCIONAL.pdf;231776;a20d3cb79b4442dcd7c6cd5c1278330ccfa1a88359665ad53a6ebe1f6a42e273
Clique aqui para acessar informações relativas ao XXX EXAME DE ORDEM UNIFICADO;1ª fase / caderno;Caderno de Prova - Tipo 1;Clique aqui para acessar informações relativas ao XXX Exame/1ª fase/cadernos e gabaritos/Caderno de Prova - Tipo 1.pdf;https://oab.fgv.br/arq/633/3286678_OAB193%20Advogado%20(EOU)%20Tipo%201.pdf;3286678;a09217d18cb54568e66985c2759db3cd3513e29029e2a4b2782e2e4d15663ff5
Clique aqui para acessar informações relativas ao XXX EXAME DE ORDEM UNIFICADO;1ª fase / caderno;Caderno de Prova - Tipo 2;Clique aqui para acessar informações relativas ao XXX Exame/1ª fase/cadernos e gabaritos/Caderno de Prova - Tipo 2.pdf;https://oab.fgv.br/arq/633/3317959_OAB193%20Advogado%20(EOU)%20Tipo%202.pdf;3317959;36ef779a3da136ff4e10d8bc2b27cb149d1a557fa4d7b569de1313905eebe0dc
Clique aqui para acessar informações relativas ao XXX EXAME DE ORDEM UNIFICADO;1ª fase / caderno;Caderno de Prova - Tipo 3;Clique aqui para acessar informações relativas ao XXX Exame/1ª fase/cadernos e gabaritos/Caderno de Prova - Tipo 3.pdf;https://oab.fgv.br/arq/633/3300564_OAB193%20Advogado%20(EOU)%20Tipo%203.pdf;3300564;bb3cbef64f0fd559358872015091ce340e41d10d135bb127684217d3831c523c
Clique aqui para acessar informações relativas ao XXX EXAME DE ORDEM UNIFICADO;1ª fase / caderno;Caderno de Prova - Tipo 4;Clique aqui para acessar informações relativas ao XXX Exame/1ª fase/cadernos e gabaritos/Caderno de Prova - Tipo 4.pdf;https://oab.fgv.br/arq/633/3292029_OAB193%20Advogado%20(EOU)%20Tipo%204.pdf;3292029;4af2822a0d864ca25f4f12034c712e473740c1273c9063acafcb69dc09e7671a
Clique aqui para acessar informações relativas ao XXX EXAME DE ORDEM UNIFICADO;1ª fase / gabarito;Gabaritos Preliminares da Prova Objetiva (1ª fase);Clique aqui para acessar informações relativas ao XXX Exame/1ª fase/cadernos e gabaritos/Gabaritos Preliminares da Prova Objetiva (1ª fase).pdf;https://oab.fgv.br/arq/633/97164_GABARITOS%20PRELIMINARES_XXX_EXAME_DE_ORDEM.pdf;97164;fecad4f03986c402e0e06b88bf05f45faa3e5bd8a8310921d1c6d012493ee101
Clique aqui para acessar informações relativas ao XXX EXAME DE ORDEM UNIFICADO;2ª fase - Constitucional / caderno;Caderno de provas (Direito Constitucional);Clique aqui para acessar informações relativas ao XXX Exame/2ª fase - Direito Constitucional/cadernos/Caderno de provas (Direito Constitucional).pdf;https://oab.fgv.br/arq/633/1877142_XXX%20Exame%20Constitucional%20-%20SEGUNDA%20FASE_CORRETO.pdf;1877142;a88ed396ebd6b3ca8c50f1e4de678f8b740eff54c227be38d6f8dcfede45e5f9
Clique aqui para acessar informações relativas ao XXX EXAME DE ORDEM UNIFICADO;2ª fase - Constitucional / padrão;Padrão de respostas (Direito Constitucional);Clique aqui para acessar informações relativas ao XXX Exame/2ª fase - Direito Constitucional/padrões de resposta/Padrão de respostas (Direito Constitucional).pdf;https://oab.fgv.br/arq/633/180273_GABARITO%20JUSTIFICADO%20-%20DIREITO%20CONSTITUCIONAL_VERSAO2%20(002).pdf;180273;9a06a120255ecea33cdadfa0ca2ccaf2a8a8af05a15cef01e9a3aed86eb35039
Clique aqui para acessar informações relativas ao XXX EXAME DE ORDEM UNIFICADO;2ª fase - Constitucional / padrão;Padrão de respostas definitivo (Direito Constitucional);Clique aqui para acessar informações relativas ao XXX Exame/2ª fase - Direito Constitucional/padrões de resposta/Padrão de respostas definitivo (Direito Constitucional).pdf;https://oab.fgv.br/arq/633/330026_GABARITO%20JUSTIFICADO%20-%20DIREITO%20CONSTITUCIONAL.pdf;330026;4c0cb459ee269f1cd2b6aaf672eee8c0b4be166b517a91c855c19f8f137fc016
Clique aqui para acessar informações relativas ao XXIX EXAME DE ORDEM UNIFICADO;1ª fase / caderno;Caderno de Prova - Tipo 1;Clique aqui para acessar informações relativas ao XXIX Exame/1ª fase/cadernos e gabaritos/Caderno de Prova - Tipo 1.pdf;https://oab.fgv.br/arq/632/831410_CADERNO_TIPO_1_XXIX__EXAME%20-%20ENVIO3.pdf;831410;30943cf8575db8c8ebb4ef5b9960c00bbe80b6efb6f0ef6e2c1dc6c0218c1039
Clique aqui para acessar informações relativas ao XXIX EXAME DE ORDEM UNIFICADO;1ª fase / caderno;Caderno de Prova - Tipo 2;Clique aqui para acessar informações relativas ao XXIX Exame/1ª fase/cadernos e gabaritos/Caderno de Prova - Tipo 2.pdf;https://oab.fgv.br/arq/632/1061336_CADERNO_TIPO_2_XXIX__EXAME%20-%20ENVIO3.pdf;1061336;48652b8002724e0b1111fd00a8efd8ca4b5b05eabab0910cbe50e57c31fcf828
Clique aqui para acessar informações relativas ao XXIX EXAME DE ORDEM UNIFICADO;1ª fase / caderno;Caderno de Prova - Tipo 3;Clique aqui para acessar informações relativas ao XXIX Exame/1ª fase/cadernos e gabaritos/Caderno de Prova - Tipo 3.pdf;https://oab.fgv.br/arq/632/1075598_CADERNO_TIPO_3_XXIX_EXAME%20-%20ENVIO3.pdf;1075598;aa24f3b267bad88e031958dc5ecba4a2328c81ce14a6df10a059ebbea933054b
Clique aqui para acessar informações relativas ao XXIX EXAME DE ORDEM UNIFICADO;1ª fase / caderno;Caderno de Prova - Tipo 4;Clique aqui para acessar informações relativas ao XXIX Exame/1ª fase/cadernos e gabaritos/Caderno de Prova - Tipo 4.pdf;https://oab.fgv.br/arq/632/1049056_CADERNO_TIPO_4_XXIX__EXAME%20-%20ENVIO3.pdf;1049056;f20009b65e803b457db31ed269bf59c885cf27a7c5fcb474632d40a758262e4f
Clique aqui para acessar informações relativas ao XXIX EXAME DE ORDEM UNIFICADO;1ª fase / gabarito;Gabaritos Preliminares da Prova Objetiva (1ª fase);Clique aqui para acessar informações relativas ao XXIX Exame/1ª fase/cadernos e gabaritos/Gabaritos Preliminares da Prova Objetiva (1ª fase).pdf;https://oab.fgv.br/arq/632/85462_GABARITOS%20PRELIMINARES_XXIX_EXAME_DE_ORDEM.pdf;85462;4672182d1168403c2b5c95ab8e58e7268ab66001347e0fdff988b8a57f502b01
Clique aqui para acessar informações relativas ao XXIX EXAME DE ORDEM UNIFICADO;2ª fase - Constitucional / caderno;Caderno de provas (Direito Constitucional);Clique aqui para acessar informações relativas ao XXIX Exame/2ª fase - Direito Constitucional/cadernos/Caderno de provas (Direito Constitucional).pdf;https://oab.fgv.br/arq/632/1741668_XXIXExame%20Constitucional%20-%20SEGUNDA%20FASE_IFM.pdf;1741668;57b96b2fd54d0b8b170cce716699bed6c517a45b9c815a7149bd8739851651ee
Clique aqui para acessar informações relativas ao XXIX EXAME DE ORDEM UNIFICADO;2ª fase - Constitucional / padrão;Padrão de respostas (Direito Constitucional);Clique aqui para acessar informações relativas ao XXIX Exame/2ª fase - Direito Constitucional/padrões de resposta/Padrão de respostas (Direito Constitucional).pdf;https://oab.fgv.br/arq/632/334345_GABARITO%20JUSTIFICADO%20-%20DIREITO%20CONSTITUCIONAL.pdf;334345;04f1d451a80fc69e9c82619f40d7a3c311df63037b8b609d714552b7a8cd313a
Clique aqui para acessar informações relativas ao XXIX EXAME DE ORDEM UNIFICADO;2ª fase - Constitucional / padrão;Padrão de respostas definitivo (Direito Constitucional);Clique aqui para acessar informações relativas ao XXIX Exame/2ª fase - Direito Constitucional/padrões de resposta/Padrão de respostas definitivo (Direito Constitucional).pdf;https://oab.fgv.br/arq/632/370731_GABARITO%20JUSTIFICADO%20-%20DIREITO%20CONSTITUCIONAL.pdf;370731;a1abfa7b7ceb208d58e21b72581fef1641228d3772fe26a0ebc0e8ff7f690989
Clique aqui para acessar informações relativas ao XXVIII EXAME DE ORDEM UNIFICADO;1ª fase / caderno;Caderno de Prova - Tipo 1;Clique aqui para acessar informações relativas ao XXVIII Exame/1ª fase/cadernos e gabaritos/Caderno de Prova - Tipo 1.pdf;https://oab.fgv.br/arq/631/1338368_CADERNO_TIPO_1_XXVIII_EXAME%20-%20ENVIO.pdf;1338368;55814b1a13a9f7cfa2698998ac95a6480e7331d8aa0b766832ed6943b778e5d8
Clique aqui para acessar informações relativas ao XXVIII EXAME DE ORDEM UNIFICADO;1ª fase / caderno;Caderno de Prova - Tipo 2;Clique aqui para acessar informações relativas ao XXVIII Exame/1ª fase/cadernos e gabaritos/Caderno de Prova - Tipo 2.pdf;https://oab.fgv.br/arq/631/1054265_CADERNO_TIPO_2_XXVIII_EXAME%20-%20ENVIO.pdf;1054265;1ad0feab33fa28070c6bb073797ec6acc6e49e2baad9413ce3bd3511490aaa21
Clique aqui para acessar informações relativas ao XXVIII EXAME DE ORDEM UNIFICADO;1ª fase / caderno;Caderno de Prova - Tipo 3;Clique aqui para acessar informações relativas ao XXVIII Exame/1ª fase/cadernos e gabaritos/Caderno de Prova - Tipo 3.pdf;https://oab.fgv.br/arq/631/1057736_CADERNO_TIPO_3_XXVIII_EXAME%20-%20ENVIO.pdf;1057736;f19578e92e905963f219745421518377ea75bafb1b30ab583c4322def50ff9dc
Clique aqui para acessar informações relativas ao XXVIII EXAME DE ORDEM UNIFICADO;1ª fase / caderno;Caderno de Prova - Tipo 4;Clique aqui para acessar informações relativas ao XXVIII Exame/1ª fase/cadernos e gabaritos/Caderno de Prova - Tipo 4.pdf;https://oab.fgv.br/arq/631/1042230_CADERNO_TIPO_4_XXVIII_EXAME%20-%20ENVIO.pdf;1042230;0f5ec8439aa275bb6d568fc98daaeac7cb8f1406f19c3efdb4128447fcb9088e
Clique aqui para acessar informações relativas ao XXVIII EXAME DE ORDEM UNIFICADO;1ª fase / gabarito;Gabaritos Preliminares da Prova Objetiva (1ª fase) - retificado em 19.03.2019;Clique aqui para acessar informações relativas ao XXVIII Exame/1ª fase/cadernos e gabaritos/Gabaritos Preliminares da Prova Objetiva (1ª fase) - retificado em 19.03.2019.pdf;https://oab.fgv.br/arq/631/283981_339414_GABARITOS_RETIFICADOS_XXVIII_EXAME_DE_ORDEM.pdf;283981;4b8bbb4c58afb50d7c957056e1b15a371609c810452534df55cb624466b9bc47
Clique aqui para acessar informações relativas ao XXVIII EXAME DE ORDEM UNIFICADO;2ª fase - Constitucional / caderno;Caderno de provas (Direito Constitucional);Clique aqui para acessar informações relativas ao XXVIII Exame/2ª fase - Direito Constitucional/cadernos/Caderno de provas (Direito Constitucional).pdf;https://oab.fgv.br/arq/631/1839735_XXVIII%20Exame%20Constitucional-%20SEGUNDA%20FASE_IFM.pdf;1839735;068b2895cdd5a17c16f20479e898fbab3f11b8ddbd57c13f1c86806c3f437f01
Clique aqui para acessar informações relativas ao XXVIII EXAME DE ORDEM UNIFICADO;2ª fase - Constitucional / padrão;Padrão de respostas (Direito Constitucional);Clique aqui para acessar informações relativas ao XXVIII Exame/2ª fase - Direito Constitucional/padrões de resposta/Padrão de respostas (Direito Constitucional).pdf;https://oab.fgv.br/arq/631/134580_GABARITO%20JUSTIFICADO%20-%20DIREITO%20CONSTITUCIONAL.pdf;134580;a6d8eef76de4e010a39f4512d77d441799948d5c5ef0d4d1b57f185c76ddf022
Clique aqui para acessar informações relativas ao XXVIII EXAME DE ORDEM UNIFICADO;2ª fase - Constitucional / padrão;Padrão de respostas definitivo (Direito Constitucional);Clique aqui para acessar informações relativas ao XXVIII Exame/2ª fase - Direito Constitucional/padrões de resposta/Padrão de respostas definitivo (Direito Constitucional).pdf;https://oab.fgv.br/arq/631/373189_GABARITO%20JUSTIFICADO%20-%20DIREITO%20CONSTITUCIONAL.pdf;373189;5e3d815b78b9d0a1348751f674be1ed913f50c506573a049d10cba88067d353f
Clique aqui para acessar informações relativas ao XXVII EXAME DE ORDEM UNIFICADO;1ª fase / caderno;Caderno de Prova - Tipo 1;Clique aqui para acessar informações relativas ao XXVII Exame/1ª fase/cadernos e gabaritos/Caderno de Prova - Tipo 1.pdf;https://oab.fgv.br/arq/630/963413_CADERNO_TIPO_1_XXVII_EXAME.pdf;963413;62455a70a2a73e0960a515e102cee98a10036b1972be375ecf0cfc78b08e3f8e
Clique aqui para acessar informações relativas ao XXVII EXAME DE ORDEM UNIFICADO;1ª fase / caderno;Caderno de Prova - Tipo 2;Clique aqui para acessar informações relativas ao XXVII Exame/1ª fase/cadernos e gabaritos/Caderno de Prova - Tipo 2.pdf;https://oab.fgv.br/arq/630/622822_CADERNO_TIPO_2_XXVII_EXAME.pdf;622822;68090ec80f700d07e04eae2d91db18b4a4cffc53793613a6d1a11db345f6d813
Clique aqui para acessar informações relativas ao XXVII EXAME DE ORDEM UNIFICADO;1ª fase / caderno;Caderno de Prova - Tipo 3;Clique aqui para acessar informações relativas ao XXVII Exame/1ª fase/cadernos e gabaritos/Caderno de Prova - Tipo 3.pdf;https://oab.fgv.br/arq/630/633552_CADERNO_TIPO_3_XXVII_EXAME.pdf;633552;82f909358824c95e7bc2a19676c2e7d8a6feefa0ba4ae715e64376e237f73e04
Clique aqui para acessar informações relativas ao XXVII EXAME DE ORDEM UNIFICADO;1ª fase / caderno;Caderno de Prova - Tipo 4;Clique aqui para acessar informações relativas ao XXVII Exame/1ª fase/cadernos e gabaritos/Caderno de Prova - Tipo 4.pdf;https://oab.fgv.br/arq/630/610971_CADERNO_TIPO_4_XXVII_EXAME.pdf;610971;4874a515c7dc538898b7f2974c84314d709627d0c4eba16c2bd2abdf09a10d6a
Clique aqui para acessar informações relativas ao XXVII EXAME DE ORDEM UNIFICADO;1ª fase / gabarito;Gabaritos Preliminares da Prova Objetiva (1ª fase) - retificado em 19.11.2018;Clique aqui para acessar informações relativas ao XXVII Exame/1ª fase/cadernos e gabaritos/Gabaritos Preliminares da Prova Objetiva (1ª fase) - retificado em 19.11.2018.pdf;https://oab.fgv.br/arq/630/339272_GABARITOS%20PRELIMIARES_XXVII_EXAME_DE_ORDEM.pdf;339272;9a46a136c3b768e4f833dd89208c739421ec6cbe608ff8859d00c337edda93c8
Clique aqui para acessar informações relativas ao XXVII EXAME DE ORDEM UNIFICADO;2ª fase - Constitucional / caderno;Caderno de provas (Direito Constitucional);Clique aqui para acessar informações relativas ao XXVII Exame/2ª fase - Direito Constitucional/cadernos/Caderno de provas (Direito Constitucional).pdf;https://oab.fgv.br/arq/630/286625_XXVII%20Exame%20Constitucional%20-%20SEGUNDA%20FASE_IFM.pdf;286625;6d41b43039262ca935e5bda14bac5a0d3f63e301c14c4af400ba2acfb43aa1fe
Clique aqui para acessar informações relativas ao XXVII EXAME DE ORDEM UNIFICADO;2ª fase - Constitucional / padrão;Padrão de respostas (Direito Constitucional);Clique aqui para acessar informações relativas ao XXVII Exame/2ª fase - Direito Constitucional/padrões de resposta/Padrão de respostas (Direito Constitucional).pdf;https://oab.fgv.br/arq/630/132420_GABARITO%20JUSTIFICADO%20-%20DIREITO%20CONSTITUCIONAL.pdf;132420;0d69f4b8794120e74b0882d4750091a5234b4459ab3c96283742700296265791
Clique aqui para acessar informações relativas ao XXVII EXAME DE ORDEM UNIFICADO;2ª fase - Constitucional / padrão;Padrão de respostas definitivo (Direito Constitucional);Clique aqui para acessar informações relativas ao XXVII Exame/2ª fase - Direito Constitucional/padrões de resposta/Padrão de respostas definitivo (Direito Constitucional).pdf;https://oab.fgv.br/arq/630/370793_GABARITO%20JUSTIFICADO%20-%20DIREITO%20CONSTITUCIONAL.pdf;370793;95aa4e498de6f9d0ac9931f985b44815bd86e6a6d44b25a5197058c65302dfb1
Clique aqui para acessar informações relativas ao XXVI EXAME DE ORDEM UNIFICADO;1ª fase / caderno;Caderno de Prova - Tipo 1;Clique aqui para acessar informações relativas ao XXVI Exame/1ª fase/cadernos e gabaritos/Caderno de Prova - Tipo 1.pdf;https://oab.fgv.br/arq/629/882160_CADERNO_TIPO_1_XXVI_EXAME.pdf;882160;0a1554c9886075c839ffa455a1c001ee18b58db885a29dce0e0b2facf9e8b1bf
Clique aqui para acessar informações relativas ao XXVI EXAME DE ORDEM UNIFICADO;1ª fase / caderno;Caderno de Prova - Tipo 2;Clique aqui para acessar informações relativas ao XXVI Exame/1ª fase/cadernos e gabaritos/Caderno de Prova - Tipo 2.pdf;https://oab.fgv.br/arq/629/603126_CADERNO_TIPO_2_XXVI_EXAME.pdf;603126;8248e5c20a42baa1ef14c270f1c0b78162e4707ff4aa68e11d55bf655735c0fc
Clique aqui para acessar informações relativas ao XXVI EXAME DE ORDEM UNIFICADO;1ª fase / caderno;Caderno de Prova - Tipo 3;Clique aqui para acessar informações relativas ao XXVI Exame/1ª fase/cadernos e gabaritos/Caderno de Prova - Tipo 3.pdf;https://oab.fgv.br/arq/629/614961_CADERNO_TIPO_3_XXVI_EXAME.pdf;614961;7bf6d50a100aae1fde25a226d2bfdd675945480ca2d0ed3e915b5b6a434e63b3
Clique aqui para acessar informações relativas ao XXVI EXAME DE ORDEM UNIFICADO;1ª fase / caderno;Caderno de Prova - Tipo 4;Clique aqui para acessar informações relativas ao XXVI Exame/1ª fase/cadernos e gabaritos/Caderno de Prova - Tipo 4.pdf;https://oab.fgv.br/arq/629/591395_CADERNO_TIPO_4_XXVI_EXAME.pdf;591395;efbe00b832d70ce007b4f3bd6c6a8cafed39153cff45b900198c5c57da4162fc
Clique aqui para acessar informações relativas ao XXVI EXAME DE ORDEM UNIFICADO;1ª fase / gabarito;Gabaritos Preliminares da Prova Objetiva (1ª fase) - Atualizado em 06.08.2018;Clique aqui para acessar informações relativas ao XXVI Exame/1ª fase/cadernos e gabaritos/Gabaritos Preliminares da Prova Objetiva (1ª fase) - Atualizado em 06.08.2018.pdf;https://oab.fgv.br/arq/629/85363_GABARITOS%20PRELIMIARES_XXVI_EXAME_DE_ORDEM%20(1).pdf;85363;abc51f7359d4383216aa375f4f3aa30b3861a5772d99ead9f9ad8317c22f1447
Clique aqui para acessar informações relativas ao XXVI EXAME DE ORDEM UNIFICADO;2ª fase - Constitucional / caderno;Caderno de provas (Direito Constitucional);Clique aqui para acessar informações relativas ao XXVI Exame/2ª fase - Direito Constitucional/cadernos/Caderno de provas (Direito Constitucional).pdf;https://oab.fgv.br/arq/629/285488_XXVI%20Exame%20Constitucional%20-%20SEGUNDA%20FASE.pdf;285488;b6fccd99133765289b11b0295fa3dc587698b41eb58d4514fa001e569a23d087
Clique aqui para acessar informações relativas ao XXVI EXAME DE ORDEM UNIFICADO;2ª fase - Constitucional / padrão;Padrão de respostas (Direito Constitucional);Clique aqui para acessar informações relativas ao XXVI Exame/2ª fase - Direito Constitucional/padrões de resposta/Padrão de respostas (Direito Constitucional).pdf;https://oab.fgv.br/arq/629/136653_GABARITO%20JUSTIFICADO%20-%20DIREITO%20CONSTITUCIONAL.pdf;136653;6e6914cb64fb2c42849cd70713b6247fe8425507911a9fb2589b6b473b032204
Clique aqui para acessar informações relativas ao XXVI EXAME DE ORDEM UNIFICADO;2ª fase - Constitucional / padrão;Padrão de respostas definitivo (Direito Constitucional);Clique aqui para acessar informações relativas ao XXVI Exame/2ª fase - Direito Constitucional/padrões de resposta/Padrão de respostas definitivo (Direito Constitucional).pdf;https://oab.fgv.br/arq/629/373567_GABARITO%20JUSTIFICADO%20-%20DIREITO%20CONSTITUCIONAL.pdf;373567;711f1b348ff696cc76d2e3f2f2961a86ac78480f14bf9f816c8d346baa3edbf9
Clique aqui para acessar informações relativas ao XXV EXAME DE ORDEM UNIFICADO;1ª fase / caderno;Caderno de Prova - Tipo 1;Clique aqui para acessar informações relativas ao XXV Exame/1ª fase/cadernos e gabaritos/Caderno de Prova - Tipo 1.pdf;https://oab.fgv.br/arq/628/1299791_CADERNO_TIPO_1_XXV_EXAME.pdf;1299791;82a15906e1b0ac7b4f36cc756f4b8e194a3bff2bb6ce7a3bffeb0b8ea64b729a
Clique aqui para acessar informações relativas ao XXV EXAME DE ORDEM UNIFICADO;1ª fase / caderno;Caderno de Prova - Tipo 2;Clique aqui para acessar informações relativas ao XXV Exame/1ª fase/cadernos e gabaritos/Caderno de Prova - Tipo 2.pdf;https://oab.fgv.br/arq/628/1019868_CADERNO_TIPO_2_XXV_EXAME.pdf;1019868;708ff9d7301086bf56c4c7912e7afd6dcf94b78ff146fb80a0c09894b65ecaff
Clique aqui para acessar informações relativas ao XXV EXAME DE ORDEM UNIFICADO;1ª fase / caderno;Caderno de Prova - Tipo 3;Clique aqui para acessar informações relativas ao XXV Exame/1ª fase/cadernos e gabaritos/Caderno de Prova - Tipo 3.pdf;https://oab.fgv.br/arq/628/1031727_CADERNO_TIPO_3_XXV_EXAME.pdf;1031727;f124aa04cde1562e5e1f578e0cc1f64a6d1d39ecfc73ae302010b78f017afe90
Clique aqui para acessar informações relativas ao XXV EXAME DE ORDEM UNIFICADO;1ª fase / caderno;Caderno de Prova - Tipo 4;Clique aqui para acessar informações relativas ao XXV Exame/1ª fase/cadernos e gabaritos/Caderno de Prova - Tipo 4.pdf;https://oab.fgv.br/arq/628/976008_CADERNO_TIPO_4_XXV_EXAME.pdf;976008;144b713a9b64a9ce7e96dbd3a8eea7d13c208f3e6dc93b6aa788bb3eed80be57
Clique aqui para acessar informações relativas ao XXV EXAME DE ORDEM UNIFICADO;1ª fase / gabarito;Gabaritos Preliminares da Prova Objetiva (1ª fase);Clique aqui para acessar informações relativas ao XXV Exame/1ª fase/cadernos e gabaritos/Gabaritos Preliminares da Prova Objetiva (1ª fase).pdf;https://oab.fgv.br/arq/628/85182_GABARITOS%20PRELIMIARES_XXV_EXAME_DE_ORDEM.pdf;85182;61b385746370227a5265509725ba10abb4f07710ef64838acc6661f3c0cf102d
Clique aqui para acessar informações relativas ao XXV EXAME DE ORDEM UNIFICADO;2ª fase - Constitucional / caderno;Caderno de provas (Direito Constitucional);Clique aqui para acessar informações relativas ao XXV Exame/2ª fase - Direito Constitucional/cadernos/Caderno de provas (Direito Constitucional).pdf;https://oab.fgv.br/arq/628/272682_XXV%20Exame%20Constitucional%20-%20SEGUNDA%20FASE.pdf;272682;0fb71deec74c9a33cd257d0d590033713402b1d1e14f070d74d08a5dfb448057
Clique aqui para acessar informações relativas ao XXV EXAME DE ORDEM UNIFICADO;2ª fase - Constitucional / caderno;Caderno de provas (Direito Constitucional) – Porto Alegre/RS;Clique aqui para acessar informações relativas ao XXV Exame/2ª fase - Direito Constitucional/cadernos/Caderno de provas (Direito Constitucional) - Porto Alegre-RS.pdf;https://oab.fgv.br/arq/628/281137_XXV%20Exame%20Constitucional%20-%20SEGUNDA%20FASE_PORTO_ALEGRE%20(CAPA%20AZUL).pdf;281137;1347a9681ccc0ff0b17ca326fcfba03c25fb0a5535b6c57b287085eaf2ac8115
Clique aqui para acessar informações relativas ao XXV EXAME DE ORDEM UNIFICADO;2ª fase - Constitucional / padrão;Padrão de respostas (Direito Constitucional);Clique aqui para acessar informações relativas ao XXV Exame/2ª fase - Direito Constitucional/padrões de resposta/Padrão de respostas (Direito Constitucional).pdf;https://oab.fgv.br/arq/628/131883_GABARITO%20JUSTIFICADO%20-%20DIREITO%20CONSTITUCIONAL.pdf;131883;09f0cbd2735465069e94c92c2d6080e7f049940adc8f980356cb65280a7fa19f
Clique aqui para acessar informações relativas ao XXV EXAME DE ORDEM UNIFICADO;2ª fase - Constitucional / padrão;Padrão de respostas (Direito Constitucional) – Porto Alegre/RS;Clique aqui para acessar informações relativas ao XXV Exame/2ª fase - Direito Constitucional/padrões de resposta/Padrão de respostas (Direito Constitucional) - Porto Alegre-RS.pdf;https://oab.fgv.br/arq/628/147569_GABARITO%20JUSTIFICADO%20-%20DIREITO%20CONSTITUCIONAL_REAPLICACAO_PORTO_ALEGRE.pdf;147569;fef24d0178f9defb4f000ed6dcb0db9959f889c90609786cad78d68614d3b898
Clique aqui para acessar informações relativas ao XXV EXAME DE ORDEM UNIFICADO;2ª fase - Constitucional / padrão;Padrão de respostas definitivo (Direito Constitucional);Clique aqui para acessar informações relativas ao XXV Exame/2ª fase - Direito Constitucional/padrões de resposta/Padrão de respostas definitivo (Direito Constitucional).pdf;https://oab.fgv.br/arq/628/383143_GABARITO%20JUSTIFICADO%20-%20DIREITO%20CONSTITUCIONAL.pdf;383143;127da55fc254b8ca4fb1d039c6faca4ddeb4ccfa2e360844c15d3c69ec4991de
Clique aqui para acessar informações relativas ao XXV EXAME DE ORDEM UNIFICADO;2ª fase - Constitucional / padrão;Padrão de respostas definitivo (Direito Constitucional) - Porto Alegre/RS;Clique aqui para acessar informações relativas ao XXV Exame/2ª fase - Direito Constitucional/padrões de resposta/Padrão de respostas definitivo (Direito Constitucional) - Porto Alegre-RS.pdf;https://oab.fgv.br/arq/628/198462_GABARITO%20JUSTIFICADO%20-%20DIREITO%20CONSTITUCIONAL_REAPLICACAO_PORTO_ALEGRE_REVISADO_COORD.pdf;198462;42b918304aa3d93f09305ab1de907f97b2051a8ca5726e684c689fb8bfc4a5b1
Clique aqui para acessar informações relativas ao XXIV EXAME DE ORDEM UNIFICADO;1ª fase / caderno;Caderno de Prova - Tipo 1;Clique aqui para acessar informações relativas ao XXIV Exame/1ª fase/cadernos e gabaritos/Caderno de Prova - Tipo 1.pdf;https://oab.fgv.br/arq/627/1373500_Caderno%20de%20Prova%20-%20Tipo%201.pdf;1373500;1116ed679f548adb8751edef06df79aaf0f571371155b414e6f0112ff9985bf7
Clique aqui para acessar informações relativas ao XXIV EXAME DE ORDEM UNIFICADO;1ª fase / caderno;Caderno de Prova - Tipo 2;Clique aqui para acessar informações relativas ao XXIV Exame/1ª fase/cadernos e gabaritos/Caderno de Prova - Tipo 2.pdf;https://oab.fgv.br/arq/627/1019338_Caderno%20de%20Prova%20-%20Tipo%202.pdf;1019338;838e0404dde518efaf982d13d7b5566835cabd30c3bf6ea1a2c478a9f0e2358a
Clique aqui para acessar informações relativas ao XXIV EXAME DE ORDEM UNIFICADO;1ª fase / caderno;Caderno de Prova - Tipo 3;Clique aqui para acessar informações relativas ao XXIV Exame/1ª fase/cadernos e gabaritos/Caderno de Prova - Tipo 3.pdf;https://oab.fgv.br/arq/627/1030583_Caderno%20de%20Prova%20-%20Tipo%203.pdf;1030583;7047132ebd3ea2e1de9ec2cb4231886201a096c6f206fd064d8aa4e05b8ae662
Clique aqui para acessar informações relativas ao XXIV EXAME DE ORDEM UNIFICADO;1ª fase / caderno;Caderno de Prova - Tipo 4;Clique aqui para acessar informações relativas ao XXIV Exame/1ª fase/cadernos e gabaritos/Caderno de Prova - Tipo 4.pdf;https://oab.fgv.br/arq/627/975043_Caderno%20de%20Prova%20-%20Tipo%204.pdf;975043;304567184b90bbfd85c3014d7b7d4e310936b27ee147d822f6833e6571499119
Clique aqui para acessar informações relativas ao XXIV EXAME DE ORDEM UNIFICADO;1ª fase / gabarito;Gabaritos Preliminares da Prova Objetiva (1ª fase);Clique aqui para acessar informações relativas ao XXIV Exame/1ª fase/cadernos e gabaritos/Gabaritos Preliminares da Prova Objetiva (1ª fase).pdf;https://oab.fgv.br/arq/627/85320_Gabaritos%20Preliminares%20da%20Prova%20Objetiva%20(1%c2%aa%20fase).pdf;85320;dfaaf8c97222d2d0a640bc47d64a5a22d5fc513849e700d198f91fe2674762b2
Clique aqui para acessar informações relativas ao XXIV EXAME DE ORDEM UNIFICADO;2ª fase - Constitucional / caderno;Caderno de provas (Direito Constitucional);Clique aqui para acessar informações relativas ao XXIV Exame/2ª fase - Direito Constitucional/cadernos/Caderno de provas (Direito Constitucional).pdf;https://oab.fgv.br/arq/627/687161_Caderno%20de%20provas%20(Direito%20Constitucional).pdf;687161;e66d27cffe0d2cc4514ed317c9eb5f62d0e37f3f22e40cba188fbf387bec4ff9
Clique aqui para acessar informações relativas ao XXIV EXAME DE ORDEM UNIFICADO;2ª fase - Constitucional / padrão;Padrão de respostas (Direito Constitucional);Clique aqui para acessar informações relativas ao XXIV Exame/2ª fase - Direito Constitucional/padrões de resposta/Padrão de respostas (Direito Constitucional).pdf;https://oab.fgv.br/arq/627/133765_Padr%c3%a3o%20de%20respostas%20(Direito%20Constitucional).pdf;133765;f927febe2b905ceb23fe32cc5913f09a7e52f062ed4ac380aeb5fb431bab28e6
Clique aqui para acessar informações relativas ao XXIV EXAME DE ORDEM UNIFICADO;2ª fase - Constitucional / padrão;Padrão de respostas definitivo (Direito Constitucional);Clique aqui para acessar informações relativas ao XXIV Exame/2ª fase - Direito Constitucional/padrões de resposta/Padrão de respostas definitivo (Direito Constitucional).pdf;https://oab.fgv.br/arq/627/387491_GABARITO%20JUSTIFICADO%20-%20DIREITO%20CONSTITUCIONAL.pdf;387491;8bd2c9a8da7cbdd0fda8ee4ec234745e0b165b9241b354f80c700aab2b2763c5
Clique aqui para acessar informações relativas ao XXIII EXAME DE ORDEM UNIFICADO;1ª fase / caderno;Caderno de Prova - Tipo 1;Clique aqui para acessar informações relativas ao XXIII Exame/1ª fase/cadernos e gabaritos/Caderno de Prova - Tipo 1.pdf;https://oab.fgv.br/arq/626/853921_CADERNO_TIPO_1_XXIII_EXAME.pdf;853921;eb72787e49d6e5e8f93a650abc25e3766a6084b4bd449d52825ab8063b196b14
Clique aqui para acessar informações relativas ao XXIII EXAME DE ORDEM UNIFICADO;1ª fase / caderno;Caderno de Prova - Tipo 2;Clique aqui para acessar informações relativas ao XXIII Exame/1ª fase/cadernos e gabaritos/Caderno de Prova - Tipo 2.pdf;https://oab.fgv.br/arq/626/1136234_CADERNO_TIPO_2_XXIII_EXAME.pdf;1136234;e6ebed0bfdd14324e216f97ee47b7e6114ed70e75b34e4cdb3ad3e8eb03c1ada
Clique aqui para acessar informações relativas ao XXIII EXAME DE ORDEM UNIFICADO;1ª fase / caderno;Caderno de Prova - Tipo 3;Clique aqui para acessar informações relativas ao XXIII Exame/1ª fase/cadernos e gabaritos/Caderno de Prova - Tipo 3.pdf;https://oab.fgv.br/arq/626/879083_CADERNO_TIPO_3_XXIII_EXAME.pdf;879083;4d80d60f8eb56aff352faa88124112f1bf9cbaf00810a6b2c328a43629c1f549
Clique aqui para acessar informações relativas ao XXIII EXAME DE ORDEM UNIFICADO;1ª fase / caderno;Caderno de Prova - Tipo 4;Clique aqui para acessar informações relativas ao XXIII Exame/1ª fase/cadernos e gabaritos/Caderno de Prova - Tipo 4.pdf;https://oab.fgv.br/arq/626/863326_CADERNO_TIPO_4_XXIII_EXAME.pdf;863326;20f245cb8e50f365a67656edb4810187eb74f7e1cb259daa3db521ded825a863
Clique aqui para acessar informações relativas ao XXIII EXAME DE ORDEM UNIFICADO;1ª fase / gabarito;Gabaritos Preliminares da Prova Objetiva (1ª fase);Clique aqui para acessar informações relativas ao XXIII Exame/1ª fase/cadernos e gabaritos/Gabaritos Preliminares da Prova Objetiva (1ª fase).pdf;https://oab.fgv.br/arq/626/101773_GABARITOS%20PRELIMIARES_XXIII_EXAME_DE_ORDEM.pdf;101773;81a1900f356d8cae1da074e2c56258b79eb3e18c51422143e179a3cb3b46bb94
Clique aqui para acessar informações relativas ao XXIII EXAME DE ORDEM UNIFICADO;2ª fase - Constitucional / caderno;Caderno de provas (Direito Constitucional);Clique aqui para acessar informações relativas ao XXIII Exame/2ª fase - Direito Constitucional/cadernos/Caderno de provas (Direito Constitucional).pdf;https://oab.fgv.br/arq/626/684247_XXIII%20Exame%20Constitucional%20-%20SEGUNDA%20FASE.pdf;684247;584dd216b9e95fc2d1be668cc7fc91b92af9a9c155638e1c7b36a46995221784
Clique aqui para acessar informações relativas ao XXIII EXAME DE ORDEM UNIFICADO;2ª fase - Constitucional / padrão;Padrão de respostas (Direito Constitucional);Clique aqui para acessar informações relativas ao XXIII Exame/2ª fase - Direito Constitucional/padrões de resposta/Padrão de respostas (Direito Constitucional).pdf;https://oab.fgv.br/arq/626/342073_GABARITO%20JUSTIFICADO%20-%20DIREITO%20CONSTITUCIONAL.pdf;342073;3a862a7568e2e5c001d2aa9b50c608cf2b80f6ac288408c23a3dc78413ec95e8
Clique aqui para acessar informações relativas ao XXIII EXAME DE ORDEM UNIFICADO;2ª fase - Constitucional / padrão;Padrão de respostas definitivo (Direito Constitucional);Clique aqui para acessar informações relativas ao XXIII Exame/2ª fase - Direito Constitucional/padrões de resposta/Padrão de respostas definitivo (Direito Constitucional).pdf;https://oab.fgv.br/arq/626/168391_GABARITO%20COMPLETO%20-%20DIREITO%20CONSTITUCIONAL.pdf;168391;792a8f01623e894f659368436b51b303ad7b56072f409de7f6c9eafb493e5a54
Clique aqui para acessar informações relativas ao XXII EXAME DE ORDEM UNIFICADO;1ª fase / caderno;Caderno de prova - Tipo 1;Clique aqui para acessar informações relativas ao XXII Exame/1ª fase/cadernos e gabaritos/Caderno de prova - Tipo 1.pdf;https://oab.fgv.br/arq/625/02042017172423_CADERNO_TIPO_1_XXII_EXAME.pdf;838411;e0eaa59c15289cc5a83c2f88221502a45250cd59c5cfb37be1c3239b4f7c0e80
Clique aqui para acessar informações relativas ao XXII EXAME DE ORDEM UNIFICADO;1ª fase / caderno;Caderno de prova - Tipo 2;Clique aqui para acessar informações relativas ao XXII Exame/1ª fase/cadernos e gabaritos/Caderno de prova - Tipo 2.pdf;https://oab.fgv.br/arq/625/02042017172433_CADERNO_TIPO_2_XXII_EXAME.pdf;863448;d4a66c4c43df54f009c24cb6a871d2680918c720de9ec3006cf5c4e8a379f71e
Clique aqui para acessar informações relativas ao XXII EXAME DE ORDEM UNIFICADO;1ª fase / caderno;Caderno de prova - Tipo 3;Clique aqui para acessar informações relativas ao XXII Exame/1ª fase/cadernos e gabaritos/Caderno de prova - Tipo 3.pdf;https://oab.fgv.br/arq/625/02042017172442_CADERNO_TIPO_3_XXII_EXAME.pdf;873008;3beeb82da07e1af962a3b98ca5e4abd97691a3dc69596666aa2aee660de748eb
Clique aqui para acessar informações relativas ao XXII EXAME DE ORDEM UNIFICADO;1ª fase / caderno;Caderno de prova - Tipo 4;Clique aqui para acessar informações relativas ao XXII Exame/1ª fase/cadernos e gabaritos/Caderno de prova - Tipo 4.pdf;https://oab.fgv.br/arq/625/02042017172449_CADERNO_TIPO_4_XXII_EXAME.pdf;853270;0fcab174413faa3255c33ce88eb0c2c90734f4838817c3a86b33f28d361cedaa
Clique aqui para acessar informações relativas ao XXII EXAME DE ORDEM UNIFICADO;1ª fase / gabarito;Gabaritos Preliminares da Prova Objetiva (1ª fase);Clique aqui para acessar informações relativas ao XXII Exame/1ª fase/cadernos e gabaritos/Gabaritos Preliminares da Prova Objetiva (1ª fase).pdf;https://oab.fgv.br/arq/625/02042017181751_GABARITOS%20PRELIMIARES_XXII_EXAME_DE_ORDEM.pdf;102090;1d59a8d095a649912ec53c33e544382ba60d92c9ffaf01a7f3c4cc3b6675a44e
Clique aqui para acessar informações relativas ao XXII EXAME DE ORDEM UNIFICADO;2ª fase - Constitucional / caderno;Caderno de provas (Direito Constitucional);Clique aqui para acessar informações relativas ao XXII Exame/2ª fase - Direito Constitucional/cadernos/Caderno de provas (Direito Constitucional).pdf;https://oab.fgv.br/arq/625/687028_XXII%20Exame%20Constitucional%20-%20SEGUNDA%20FASE.pdf;687028;8e61a18d3f18618f3236b4350bdf5bdf65181050120eb57c24ab31a388bcdbaa
Clique aqui para acessar informações relativas ao XXII EXAME DE ORDEM UNIFICADO;2ª fase - Constitucional / padrão;Padrão de respostas (Direito Constitucional);Clique aqui para acessar informações relativas ao XXII Exame/2ª fase - Direito Constitucional/padrões de resposta/Padrão de respostas (Direito Constitucional).pdf;https://oab.fgv.br/arq/625/134711_GABARITO%20JUSTIFICADO%20-%20DIREITO%20CONSTITUCIONAL.pdf;134711;cd1c3ca54cb3e134afc6da66d758209094b22e586f1187a67c41d08360e39480
Clique aqui para acessar informações relativas ao XXII EXAME DE ORDEM UNIFICADO;2ª fase - Constitucional / padrão;Padrão de respostas definitivo (Direito Constitucional);Clique aqui para acessar informações relativas ao XXII Exame/2ª fase - Direito Constitucional/padrões de resposta/Padrão de respostas definitivo (Direito Constitucional).pdf;https://oab.fgv.br/arq/625/154934_GABARITO%20JUSTIFICADO%20-%20DIREITO%20CONSTITUCIONAL.PDF;154934;8bdf0d8eb2f5fd2e567df557a0702047c5b5dbcde7e8ba8819c9230cb36cb4a1
Clique aqui para acessar informações relativas ao XXI EXAME DE ORDEM UNIFICADO;1ª fase / caderno;Caderno de prova - Tipo 1;Clique aqui para acessar informações relativas ao XXI Exame/1ª fase/cadernos e gabaritos/Caderno de prova - Tipo 1.pdf;https://oab.fgv.br/arq/624/27112016173211_CADERNO_TIPO_1_XXI_EXAME.pdf;1095228;67bb53063c1fea0a5cef2e1e607f05fb78929b65646b924215158d5994986cb7
Clique aqui para acessar informações relativas ao XXI EXAME DE ORDEM UNIFICADO;1ª fase / caderno;Caderno de prova - Tipo 2;Clique aqui para acessar informações relativas ao XXI Exame/1ª fase/cadernos e gabaritos/Caderno de prova - Tipo 2.pdf;https://oab.fgv.br/arq/624/27112016173223_CADERNO_TIPO_2_XXI_EXAME.pdf;1114862;0121ef561b08cc2c7d329438b4da34052ea983be36df23023a7f793a8d6dfc98
Clique aqui para acessar informações relativas ao XXI EXAME DE ORDEM UNIFICADO;1ª fase / caderno;Caderno de prova - Tipo 3;Clique aqui para acessar informações relativas ao XXI Exame/1ª fase/cadernos e gabaritos/Caderno de prova - Tipo 3.pdf;https://oab.fgv.br/arq/624/27112016173234_CADERNO_TIPO_3_XXI_EXAME.pdf;3171469;0678d41f8fff8daae35331120810912c60d6a00ab7c98e674eeb3e84bb5d869c
Clique aqui para acessar informações relativas ao XXI EXAME DE ORDEM UNIFICADO;1ª fase / caderno;Caderno de prova - Tipo 4;Clique aqui para acessar informações relativas ao XXI Exame/1ª fase/cadernos e gabaritos/Caderno de prova - Tipo 4.pdf;https://oab.fgv.br/arq/624/27112016173245_CADERNO_TIPO_4_XXI_EXAME.pdf;3129411;165e54df1b10c2b59f1b4619695ceac0848cc3a6d6107192acf4cbd10df46ab5
Clique aqui para acessar informações relativas ao XXI EXAME DE ORDEM UNIFICADO;1ª fase / gabarito;Gabaritos Preliminares da Prova Objetiva (1ª fase);Clique aqui para acessar informações relativas ao XXI Exame/1ª fase/cadernos e gabaritos/Gabaritos Preliminares da Prova Objetiva (1ª fase).pdf;https://oab.fgv.br/arq/624/27112016191040_GABARITOS%20PRELIMIARES_XXI_EXAME_DE_ORDEM.pdf;101562;f40c3d4237168e85b4316ce239bbb68c1469ded3b50e158cb23e4b47fe893f9f
Clique aqui para acessar informações relativas ao XXI EXAME DE ORDEM UNIFICADO;2ª fase - Constitucional / caderno;Caderno de provas (Direito Constitucional);Clique aqui para acessar informações relativas ao XXI Exame/2ª fase - Direito Constitucional/cadernos/Caderno de provas (Direito Constitucional).pdf;https://oab.fgv.br/arq/624/22012017182339_XXI%20Exame%20Constitucional%20-%20SEGUNDA%20FASE.pdf;680904;5234b96346cd5b12f8edf7be2d09541fae2bd2af4452d26c4f9f823efcfb49e6
Clique aqui para acessar informações relativas ao XXI EXAME DE ORDEM UNIFICADO;2ª fase - Constitucional / padrão;Padrão de respostas (Direito Constitucional);Clique aqui para acessar informações relativas ao XXI Exame/2ª fase - Direito Constitucional/padrões de resposta/Padrão de respostas (Direito Constitucional).pdf;https://oab.fgv.br/arq/624/22012017185902_GABARITO%20JUSTIFICADO%20-%20DIREITO%20CONSTITUCIONAL.pdf;124782;f41eeeb0898fb813bff95ce62657455f810e99d66f9e25c174fcb118dcfa0156
Clique aqui para acessar informações relativas ao XXI EXAME DE ORDEM UNIFICADO;2ª fase - Constitucional / padrão;Padrão de respostas definitivo (Direito Constitucional);Clique aqui para acessar informações relativas ao XXI Exame/2ª fase - Direito Constitucional/padrões de resposta/Padrão de respostas definitivo (Direito Constitucional).pdf;https://oab.fgv.br/arq/624/14022017171138_DIREITO%20CONSTITUCIONAL_.pdf;147112;b1a6126aca5820fde332dde69a79c7b528d406aa5e344f5418537b9ec3ba1345
Clique aqui para acessar informações relativas ao XX EXAME DE ORDEM UNIFICADO;1ª fase / caderno;Caderno de prova - Tipo 1;Clique aqui para acessar informações relativas ao XX Exame/1ª fase/cadernos e gabaritos/Caderno de prova - Tipo 1.pdf;https://oab.fgv.br/arq/621/24072016185034_CADERNO_TIPO_1_XX_EXAME.pdf;829370;98782c13cfcd96416a3f1cbf2176691eaad04cf890802f0d1f01ac7179bc9880
Clique aqui para acessar informações relativas ao XX EXAME DE ORDEM UNIFICADO;1ª fase / caderno;Caderno de prova - Tipo 1 (Reaplicação Salvador/BA);Clique aqui para acessar informações relativas ao XX Exame/1ª fase/cadernos e gabaritos/Caderno de prova - Tipo 1 (Reaplicação Salvador-BA).pdf;https://oab.fgv.br/arq/621/14082016173758_CADERNO_TIPO_1_XX_EXAME_SALVADOR.pdf;1088136;5506b0e521a7b1eb22772ee98badd192d093685ce82dbe001b0c72074a152035
Clique aqui para acessar informações relativas ao XX EXAME DE ORDEM UNIFICADO;1ª fase / caderno;Caderno de prova - Tipo 2;Clique aqui para acessar informações relativas ao XX Exame/1ª fase/cadernos e gabaritos/Caderno de prova - Tipo 2.pdf;https://oab.fgv.br/arq/621/24072016185043_CADERNO_TIPO_2_XX_EXAME.pdf;851975;6c29b44b68cec8345d2dbb7c6df2e8e2ef07b330898e8522ef053cd0100f8c0e
Clique aqui para acessar informações relativas ao XX EXAME DE ORDEM UNIFICADO;1ª fase / caderno;Caderno de prova - Tipo 2 (Reaplicação Salvador/BA);Clique aqui para acessar informações relativas ao XX Exame/1ª fase/cadernos e gabaritos/Caderno de prova - Tipo 2 (Reaplicação Salvador-BA).pdf;https://oab.fgv.br/arq/621/14082016173821_CADERNO_TIPO_2_XX_EXAME_SALVADOR.pdf;1108748;8e4b8f26a9c698d996890c9c22b8fcc85169a41bb7b9a96fb9fe934782579a4f
Clique aqui para acessar informações relativas ao XX EXAME DE ORDEM UNIFICADO;1ª fase / caderno;Caderno de prova - Tipo 3;Clique aqui para acessar informações relativas ao XX Exame/1ª fase/cadernos e gabaritos/Caderno de prova - Tipo 3.pdf;https://oab.fgv.br/arq/621/24072016185049_CADERNO_TIPO_3_XX_EXAME.pdf;860353;6f1d56ef3ae3dc180cc70fdf2b1299e651b36b7290cf7ce889606118f71e8129
Clique aqui para acessar informações relativas ao XX EXAME DE ORDEM UNIFICADO;1ª fase / caderno;Caderno de prova - Tipo 3 (Reaplicação Salvador/BA);Clique aqui para acessar informações relativas ao XX Exame/1ª fase/cadernos e gabaritos/Caderno de prova - Tipo 3 (Reaplicação Salvador-BA).pdf;https://oab.fgv.br/arq/621/14082016173846_CADERNO_TIPO_3_XX_EXAME_SALVADOR.pdf;1121887;c9f34a8c1bd862597b452ad11985c695f5b0caa2d756d99fbe80a1139bda804b
Clique aqui para acessar informações relativas ao XX EXAME DE ORDEM UNIFICADO;1ª fase / caderno;Caderno de prova - Tipo 4;Clique aqui para acessar informações relativas ao XX Exame/1ª fase/cadernos e gabaritos/Caderno de prova - Tipo 4.pdf;https://oab.fgv.br/arq/621/24072016185056_CADERNO_TIPO_4_XX_EXAME.pdf;1105830;8054d379e48943081faf4f855c046766bf9ec1bf7d23d4334ed64f9caf8f223a
Clique aqui para acessar informações relativas ao XX EXAME DE ORDEM UNIFICADO;1ª fase / caderno;Caderno de prova - Tipo 4 (Reaplicação Salvador/BA);Clique aqui para acessar informações relativas ao XX Exame/1ª fase/cadernos e gabaritos/Caderno de prova - Tipo 4 (Reaplicação Salvador-BA).pdf;https://oab.fgv.br/arq/621/14082016173937_CADERNO_TIPO_4_XX_EXAME.pdf;1099501;ca2bd4d893b00f9aed8f8f24d16355410f35c0b984f0ea2b79f81133e8ff4e3b
Clique aqui para acessar informações relativas ao XX EXAME DE ORDEM UNIFICADO;1ª fase / gabarito;Gabaritos Preliminares da Prova Objetiva (1ª fase);Clique aqui para acessar informações relativas ao XX Exame/1ª fase/cadernos e gabaritos/Gabaritos Preliminares da Prova Objetiva (1ª fase).pdf;https://oab.fgv.br/arq/621/24072016185147_GABARITOS%20PRELIMIARES_XX_EXAME_DE_ORDEM.pdf;101462;4cd85a22109423c26b574718f3c8435a3b693dfb1df6438f788b425c4e5b7b32
Clique aqui para acessar informações relativas ao XX EXAME DE ORDEM UNIFICADO;1ª fase / gabarito;Gabaritos Preliminares da Prova Objetiva (1ª fase) - Examinandos de Salvador/BA;Clique aqui para acessar informações relativas ao XX Exame/1ª fase/cadernos e gabaritos/Gabaritos Preliminares da Prova Objetiva (1ª fase) - Examinandos de Salvador-BA.pdf;https://oab.fgv.br/arq/621/14082016174310_GABARITOS%20PRELIMIARES_XX_EXAME_DE_ORDEM_REAPLICA%c3%87%c3%83O_SALVADOR.pdf;341809;a28138b654faf299ea30de765160b1227850dc1df7fc6517f15d67c689dce2b5
Clique aqui para acessar informações relativas ao XX EXAME DE ORDEM UNIFICADO;2ª fase - Constitucional / caderno;Caderno de provas (Direito Constitucional);Clique aqui para acessar informações relativas ao XX Exame/2ª fase - Direito Constitucional/cadernos/Caderno de provas (Direito Constitucional).pdf;https://oab.fgv.br/arq/621/18092016181600_XX%20Exame%20Direito%20Constitucional%20-%20SEGUNDA%20FASE.pdf;704287;2ba0019b58320a58c19b224bb37e0af837f52c818cb51648253572fba62f6820
Clique aqui para acessar informações relativas ao XX EXAME DE ORDEM UNIFICADO;2ª fase - Constitucional / caderno;Caderno de provas (Direito Constitucional) - Reaplicação Porto Velho/RO;Clique aqui para acessar informações relativas ao XX Exame/2ª fase - Direito Constitucional/cadernos/Caderno de provas (Direito Constitucional) - Reaplicação Porto Velho-RO.pdf;https://oab.fgv.br/arq/621/09102016175900_XX%20Exame%20Constitucional-%20SEGUNDA%20FASE_REAPLICA%c3%87%c3%83O_PORTO_VELHO.pdf;1143675;2ac15b044ea53cc27705c32f6776211a026b1cae52af5e90dbfa408a7e18b798
Clique aqui para acessar informações relativas ao XX EXAME DE ORDEM UNIFICADO;2ª fase - Constitucional / padrão;Padrão de respostas (Direito Constitucional);Clique aqui para acessar informações relativas ao XX Exame/2ª fase - Direito Constitucional/padrões de resposta/Padrão de respostas (Direito Constitucional).pdf;https://oab.fgv.br/arq/621/18092016183607_GABARITO%20JUSTIFICADO%20-%20DIREITO%20CONSTITUCIONAL.pdf;334970;29e17fcf07c73083c4373791de1c61f29243ab0c5641924c32b2518e6a409782
Clique aqui para acessar informações relativas ao XX EXAME DE ORDEM UNIFICADO;2ª fase - Constitucional / padrão;Padrão de respostas (Direito Constitucional) - Reaplicação Porto Velho/RO;Clique aqui para acessar informações relativas ao XX Exame/2ª fase - Direito Constitucional/padrões de resposta/Padrão de respostas (Direito Constitucional) - Reaplicação Porto Velho-RO.pdf;https://oab.fgv.br/arq/621/09102016180142_GABARITO%20JUSTIFICADO%20-%20DIREITO%20CONSTITUCIONAL%20-%20REAPLICA%c3%87%c3%83O%20PORTO%20VELHO.pdf;134492;338e69e32b38161adebba185ee518bba958b93d483539aed4b99dbbfa68990fd
Clique aqui para acessar informações relativas ao XX EXAME DE ORDEM UNIFICADO;2ª fase - Constitucional / padrão;Padrão de respostas definitivo (Direito Constitucional);Clique aqui para acessar informações relativas ao XX Exame/2ª fase - Direito Constitucional/padrões de resposta/Padrão de respostas definitivo (Direito Constitucional).pdf;https://oab.fgv.br/arq/621/11102016112505_Gabarito%20Completo%20DIREITO%20CONSTITUCIONAL%20-%20modificado%20final.pdf;158637;67b7e42e61dee11f54958d05a7f5e54a2205a516f57751d4660f9b928b17ffc4
Clique aqui para acessar informações relativas ao XX EXAME DE ORDEM UNIFICADO;2ª fase - Constitucional / padrão;Padrão de respostas definitivo (Direito Constitucional) - Reaplicação Porto Velho/RO;Clique aqui para acessar informações relativas ao XX Exame/2ª fase - Direito Constitucional/padrões de resposta/Padrão de respostas definitivo (Direito Constitucional) - Reaplicação Porto Velho-RO.pdf;https://oab.fgv.br/arq/621/19102016090744_GABARITO%20JUSTIFICADO%20-%20DIREITO%20CONSTITUCIONAL%20-%20REAPLICA%c3%87%c3%83O%20PORTO%20VELHO.pdf;154026;6c5bb1e694ae65a3442b0ee80db2b6c02cf4aaf26de48f61d4db85e7690709c9
Clique aqui para acessar informações relativas ao XIX EXAME DE ORDEM UNIFICADO;1ª fase / caderno;Caderno de prova - Tipo 1;Clique aqui para acessar informações relativas ao XIX Exame/1ª fase/cadernos e gabaritos/Caderno de prova - Tipo 1.pdf;https://oab.fgv.br/arq/620/05072016131425_CADERNO_TIPO_1_XIX_EXAME_alterado_FGV.PDF;675372;1ddb377bd410408f99854f9811fc4d76a981d61ddda08eee020cedf5fe745bf6
Clique aqui para acessar informações relativas ao XIX EXAME DE ORDEM UNIFICADO;1ª fase / caderno;Caderno de prova - Tipo 2;Clique aqui para acessar informações relativas ao XIX Exame/1ª fase/cadernos e gabaritos/Caderno de prova - Tipo 2.pdf;https://oab.fgv.br/arq/620/05072016131459_CADERNO_TIPO_2_XIX_EXAME.PDF;663127;625b7f0152a19e06f0aec70663313c16c0f512b9093cb30027b672a8d466daa7
Clique aqui para acessar informações relativas ao XIX EXAME DE ORDEM UNIFICADO;1ª fase / caderno;Caderno de prova - Tipo 3;Clique aqui para acessar informações relativas ao XIX Exame/1ª fase/cadernos e gabaritos/Caderno de prova - Tipo 3.pdf;https://oab.fgv.br/arq/620/05072016131524_CADERNO_TIPO_3_XIX_EXAME_alterado_FGV.PDF;687810;8b640c4c61625985fa251f679892262ea858a72d7da949cf391edd610cc6e311
Clique aqui para acessar informações relativas ao XIX EXAME DE ORDEM UNIFICADO;1ª fase / caderno;Caderno de prova - Tipo 4;Clique aqui para acessar informações relativas ao XIX Exame/1ª fase/cadernos e gabaritos/Caderno de prova - Tipo 4.pdf;https://oab.fgv.br/arq/620/05072016131545_CADERNO_TIPO_4_XIX_EXAME.PDF;669154;d4080a83fb79357ecd27768ccf56a5ec09a2dbad12ec376ac3490a1babae7ac5
Clique aqui para acessar informações relativas ao XIX EXAME DE ORDEM UNIFICADO;1ª fase / gabarito;Gabaritos Preliminares da Prova Objetiva (1ª fase) - Atualizado;Clique aqui para acessar informações relativas ao XIX Exame/1ª fase/cadernos e gabaritos/Gabaritos Preliminares da Prova Objetiva (1ª fase) - Atualizado.pdf;https://oab.fgv.br/arq/620/04042016151028_GABARITOS%20PRELIMIARES_XIX_EXAME_DE_ORDEM.pdf;346387;6165ee651bb868f8bada4908edadd8748670425855920bb4c2632e94afa71935
Clique aqui para acessar informações relativas ao XIX EXAME DE ORDEM UNIFICADO;2ª fase - Constitucional / caderno;Caderno de provas (Direito Constitucional);Clique aqui para acessar informações relativas ao XIX Exame/2ª fase - Direito Constitucional/cadernos/Caderno de provas (Direito Constitucional).pdf;https://oab.fgv.br/arq/620/29052016175509_XIX%20Exame%20Constitucional%20-%20SEGUNDA%20FASE.pdf;677565;37c1a3c93b8962c52bd9be4942b328690c19e62b1eab8ba487075a96deef7ef6
Clique aqui para acessar informações relativas ao XIX EXAME DE ORDEM UNIFICADO;2ª fase - Constitucional / padrão;Padrão de Respostas Definitivo- Direito Constitucional;Clique aqui para acessar informações relativas ao XIX Exame/2ª fase - Direito Constitucional/padrões de resposta/Padrão de Respostas Definitivo- Direito Constitucional.pdf;https://oab.fgv.br/arq/620/21062016173727_GABARITO%20JUSTIFICADO%20-%20DIREITO%20CONSTITUCIONAL.pdf;369051;e5f3980139ef73d714b81aa52862bd6e34a0e2675b2ac74f1ac3ebacbf3c6701
Clique aqui para acessar informações relativas ao XIX EXAME DE ORDEM UNIFICADO;2ª fase - Constitucional / padrão;Padrão de respostas (Direito Constitucional);Clique aqui para acessar informações relativas ao XIX Exame/2ª fase - Direito Constitucional/padrões de resposta/Padrão de respostas (Direito Constitucional).pdf;https://oab.fgv.br/arq/620/29052016175906_GABARITO%20JUSTIFICADO%20-%20DIREITO%20CONSTITUCIONAL.pdf;126511;6f2dda21482c8de31b29277fe2685d8448329e7b79671e35996e7f908b991c5e
Clique aqui para acessar informações relativas ao XVIII EXAME DE ORDEM UNIFICADO;1ª fase / caderno;Caderno de prova - Tipo 1;Clique aqui para acessar informações relativas ao XVIII Exame/1ª fase/cadernos e gabaritos/Caderno de prova - Tipo 1.pdf;https://oab.fgv.br/arq/617/29112015184841_CADERNO_TIPO_1_XVIII_EXAME.pdf;642918;ddb24aa0e7fcf71931c305449937cd9ec20366be9d8d30b6141fb63ef961c95c
Clique aqui para acessar informações relativas ao XVIII EXAME DE ORDEM UNIFICADO;1ª fase / caderno;Caderno de prova - Tipo 2;Clique aqui para acessar informações relativas ao XVIII Exame/1ª fase/cadernos e gabaritos/Caderno de prova - Tipo 2.pdf;https://oab.fgv.br/arq/617/29112015184856_CADERNO_TIPO_2_XVIII_EXAME.pdf;407527;9a5419be766dbf0ca6b5c6e3add79274cdda329e9f8d280b0336fb473e0bebfa
Clique aqui para acessar informações relativas ao XVIII EXAME DE ORDEM UNIFICADO;1ª fase / caderno;Caderno de prova - Tipo 3;Clique aqui para acessar informações relativas ao XVIII Exame/1ª fase/cadernos e gabaritos/Caderno de prova - Tipo 3.pdf;https://oab.fgv.br/arq/617/29112015184907_CADERNO_TIPO_3_XVIII_EXAME.pdf;635336;2414570c354f9109da156fe4e6b048a7391c4f38faed4b58d73f11a740f58fe5
Clique aqui para acessar informações relativas ao XVIII EXAME DE ORDEM UNIFICADO;1ª fase / caderno;Caderno de prova - Tipo 4;Clique aqui para acessar informações relativas ao XVIII Exame/1ª fase/cadernos e gabaritos/Caderno de prova - Tipo 4.pdf;https://oab.fgv.br/arq/617/29112015184916_CADERNO_TIPO_4_XVIII_EXAME.pdf;407092;2a6f43cd04c70be4cce3a76787d3a96fadce401b11263a11e570f224b0164bd2
Clique aqui para acessar informações relativas ao XVIII EXAME DE ORDEM UNIFICADO;1ª fase / gabarito;Gabaritos Preliminares da Prova Objetiva (1ª fase);Clique aqui para acessar informações relativas ao XVIII Exame/1ª fase/cadernos e gabaritos/Gabaritos Preliminares da Prova Objetiva (1ª fase).pdf;https://oab.fgv.br/arq/617/29112015184750_GABARITOS%20PRELIMIARES_XVIII_EXAME_DE_ORDEM.pdf;123812;9e8ba125aa2d5a10d089bfa2c5449fdc5bfc828d41a0c621150cc49d846ea1e8
Clique aqui para acessar informações relativas ao XVIII EXAME DE ORDEM UNIFICADO;2ª fase - Constitucional / caderno;Caderno de provas (Direito Constitucional);Clique aqui para acessar informações relativas ao XVIII Exame/2ª fase - Direito Constitucional/cadernos/Caderno de provas (Direito Constitucional).pdf;https://oab.fgv.br/arq/617/17012016184336_XVIII%20Exame%20Consitucional%20-%20SEGUNDA%20FASE.pdf;266238;d3acd8b63218fc9ab242778fa87e4c1e9f8215f6184f18129cec7c613039d3ae
Clique aqui para acessar informações relativas ao XVIII EXAME DE ORDEM UNIFICADO;2ª fase - Constitucional / padrão;Padrão de Respostas Definitivo- Direito Constitucional;Clique aqui para acessar informações relativas ao XVIII Exame/2ª fase - Direito Constitucional/padrões de resposta/Padrão de Respostas Definitivo- Direito Constitucional.pdf;https://oab.fgv.br/arq/617/12022016164233_CONSTITUCIONAL.pdf;167428;6362ed167cb4ec6bcb634e736f3fe1daf08ba392b31f34b9ce85577f1b121529
Clique aqui para acessar informações relativas ao XVIII EXAME DE ORDEM UNIFICADO;2ª fase - Constitucional / padrão;Padrão de respostas (Direito Constitucional);Clique aqui para acessar informações relativas ao XVIII Exame/2ª fase - Direito Constitucional/padrões de resposta/Padrão de respostas (Direito Constitucional).pdf;https://oab.fgv.br/arq/617/17012016184603_GABARITO%20JUSTIFICADO%20-%20DIREITO%20CONSTITUCIONAL.pdf;139681;4a8450a542939a94df128f156c4cac069bc92c1d3d62d56d61c66ebb9f438ee2
Clique aqui para acessar informações relativas ao XVII EXAME DE ORDEM UNIFICADO;1ª fase / caderno;Caderno de Prova 01;Clique aqui para acessar informações relativas ao XVII Exame/1ª fase/cadernos e gabaritos/Caderno de Prova 01.pdf;https://oab.fgv.br/arq/616/19072015182947_CADERNO_TIPO_1_XVII_EXAME.pdf;623407;633e695fce21d24e7152d1ebc93ada87179d466c9b2471f1baf50ba61dff8c58
Clique aqui para acessar informações relativas ao XVII EXAME DE ORDEM UNIFICADO;1ª fase / caderno;Caderno de Prova 02;Clique aqui para acessar informações relativas ao XVII Exame/1ª fase/cadernos e gabaritos/Caderno de Prova 02.pdf;https://oab.fgv.br/arq/616/19072015182956_CADERNO_TIPO_2_XVII_EXAME.pdf;624397;0a25576f33f2cfaf71b1c5a434b8f402be0e1077c14b818ccd5bb7e9929aa563
Clique aqui para acessar informações relativas ao XVII EXAME DE ORDEM UNIFICADO;1ª fase / caderno;Caderno de Prova 03;Clique aqui para acessar informações relativas ao XVII Exame/1ª fase/cadernos e gabaritos/Caderno de Prova 03.pdf;https://oab.fgv.br/arq/616/19072015183009_CADERNO_TIPO_3_XVII_EXAME.pdf;624125;2f6984b8a29941a650265cb26f8919ae8cfedac803d1c4e1d215bc20913a91b5
Clique aqui para acessar informações relativas ao XVII EXAME DE ORDEM UNIFICADO;1ª fase / caderno;Caderno de Prova 04;Clique aqui para acessar informações relativas ao XVII Exame/1ª fase/cadernos e gabaritos/Caderno de Prova 04.pdf;https://oab.fgv.br/arq/616/19072015183018_CADERNO_TIPO_4_XVII_EXAME.pdf;622019;00b53bc7d25c21746a73dbc7cc4a0ff644ef94cffc655a049ee838cf1677893a
Clique aqui para acessar informações relativas ao XVII EXAME DE ORDEM UNIFICADO;1ª fase / gabarito;Gabaritos Definitivos da Prova Objetiva (1ª fase);Clique aqui para acessar informações relativas ao XVII Exame/1ª fase/cadernos e gabaritos/Gabaritos Definitivos da Prova Objetiva (1ª fase).pdf;https://oab.fgv.br/arq/616/21082015081947_GABARITOS_DEFINITIVOS_XVII_EXAME_DE_ORDEM.pdf;156243;28a989d757c603f7e8003d409bb73eb8c80bede2f37786baa56a988af3dd8a75
Clique aqui para acessar informações relativas ao XVII EXAME DE ORDEM UNIFICADO;1ª fase / gabarito;Gabaritos Preliminares da Prova Objetiva (1ª fase);Clique aqui para acessar informações relativas ao XVII Exame/1ª fase/cadernos e gabaritos/Gabaritos Preliminares da Prova Objetiva (1ª fase).pdf;https://oab.fgv.br/arq/616/19072015182757_GABARITOS%20PRELIMIARES_XVII_EXAME_DE_ORDEM.pdf;110763;d76271f7bf1e5590eff1b63ed58dd5c1e61077adfc8e2dee1c12226fc827358a
Clique aqui para acessar informações relativas ao XVII EXAME DE ORDEM UNIFICADO;2ª fase - Constitucional / caderno;Caderno de provas (Direito Constitucional);Clique aqui para acessar informações relativas ao XVII Exame/2ª fase - Direito Constitucional/cadernos/Caderno de provas (Direito Constitucional).pdf;https://oab.fgv.br/arq/616/13092015182334_XVII%20Exame%20Consitucional%20-%20SEGUNDA%20FASE.pdf;668699;84ee93e799f8bff6440e6463746f0548f71d826e2b4e35be4f640adf3c20a2a1
Clique aqui para acessar informações relativas ao XVII EXAME DE ORDEM UNIFICADO;2ª fase - Constitucional / padrão;Padrão de Respostas Definitivo- Direito Constitucional;Clique aqui para acessar informações relativas ao XVII Exame/2ª fase - Direito Constitucional/padrões de resposta/Padrão de Respostas Definitivo- Direito Constitucional.pdf;https://oab.fgv.br/arq/616/06102015104657_GABARITO%20JUSTIFICADO%20-%20DIREITO%20CONSTITUCIONAL.pdf;466329;44f67befced95e96eb059a41c91ab0d4f4c0db6c82505dcf7468272a7659bab4
Clique aqui para acessar informações relativas ao XVII EXAME DE ORDEM UNIFICADO;2ª fase - Constitucional / padrão;Padrão de respostas (Direito Constitucional);Clique aqui para acessar informações relativas ao XVII Exame/2ª fase - Direito Constitucional/padrões de resposta/Padrão de respostas (Direito Constitucional).pdf;https://oab.fgv.br/arq/616/13092015181904_GABARITO%20JUSTIFICADO%20-%20DIREITO%20CONSTITUCIONAL.pdf;140220;0fca558067764fd50ebbb250dca24b95c91411d14b9f1deb71bea254362c62c1
Clique aqui para acessar informações relativas ao XVI EXAME DE ORDEM UNIFICADO;1ª fase / caderno;Caderno de Prova 01;Clique aqui para acessar informações relativas ao XVI Exame/1ª fase/cadernos e gabaritos/Caderno de Prova 01.pdf;https://oab.fgv.br/arq/615/15032015183319_CADERNO_TIPO_1_XVI_EXAME.pdf;663191;47835a26d012b1dddc024857cbe184ab515f1fafed8b78b3e124c54fcf26920d
Clique aqui para acessar informações relativas ao XVI EXAME DE ORDEM UNIFICADO;1ª fase / caderno;Caderno de Prova 02;Clique aqui para acessar informações relativas ao XVI Exame/1ª fase/cadernos e gabaritos/Caderno de Prova 02.pdf;https://oab.fgv.br/arq/615/15032015183332_CADERNO_TIPO_2_XVI_EXAME.pdf;652981;a822ce265bc1b37fa8ab3c5ed1b420f7051a886c9299bd72ffdcb779f682f5b7
Clique aqui para acessar informações relativas ao XVI EXAME DE ORDEM UNIFICADO;1ª fase / caderno;Caderno de Prova 03;Clique aqui para acessar informações relativas ao XVI Exame/1ª fase/cadernos e gabaritos/Caderno de Prova 03.pdf;https://oab.fgv.br/arq/615/15032015183341_CADERNO_TIPO_3_XVI_EXAME.pdf;665484;df4d6b30a2ac44717c23e2fc74f0a7594f29d5b14ad1a546b205a70a9ee28efa
Clique aqui para acessar informações relativas ao XVI EXAME DE ORDEM UNIFICADO;1ª fase / caderno;Caderno de Prova 04;Clique aqui para acessar informações relativas ao XVI Exame/1ª fase/cadernos e gabaritos/Caderno de Prova 04.pdf;https://oab.fgv.br/arq/615/15032015183351_CADERNO_TIPO_4_XVI_EXAME.pdf;653622;fc20329f1e596d58cc2bb696fcc1e9d65ba2c063bf28f89e1f62dccd304a9dc1
Clique aqui para acessar informações relativas ao XVI EXAME DE ORDEM UNIFICADO;1ª fase / gabarito;Gabaritos Definitivos da Prova Objetiva (1ª fase);Clique aqui para acessar informações relativas ao XVI Exame/1ª fase/cadernos e gabaritos/Gabaritos Definitivos da Prova Objetiva (1ª fase).pdf;https://oab.fgv.br/arq/615/17042015171107_GABARITOS%20DEFINITIVOS_XVI_EXAME_DE_ORDEM.pdf;290831;5c593b094ad269f599c37cb710850c6bd02aa07d7e4302cbd4071c4be516da95
Clique aqui para acessar informações relativas ao XVI EXAME DE ORDEM UNIFICADO;1ª fase / gabarito;Gabaritos Preliminares da Prova Objetiva (1ª fase);Clique aqui para acessar informações relativas ao XVI Exame/1ª fase/cadernos e gabaritos/Gabaritos Preliminares da Prova Objetiva (1ª fase).pdf;https://oab.fgv.br/arq/615/16042015181324_15032015191331_GABARITOS%20PRELIMIARES_XVI_EXAME_DE_ORDEM.pdf;342868;ae0ea0eec03b8c74d12846c2a0baf8f11779ef109e06eac7ae808a334f7ad9d0
Clique aqui para acessar informações relativas ao XVI EXAME DE ORDEM UNIFICADO;2ª fase - Constitucional / caderno;Caderno de provas (Direito Constitucional);Clique aqui para acessar informações relativas ao XVI Exame/2ª fase - Direito Constitucional/cadernos/Caderno de provas (Direito Constitucional).pdf;https://oab.fgv.br/arq/615/17052015184618_XVI%20Exame%20Constitucional%20-%20SEGUNDA%20FASE.pdf;680700;13e3824b4aa30c053bf64a89279611c9f652a40374b23e310a23ecf7a55fbe58
Clique aqui para acessar informações relativas ao XVI EXAME DE ORDEM UNIFICADO;2ª fase - Constitucional / padrão;Padrão de Respostas Definitivo- Direito Constitucional;Clique aqui para acessar informações relativas ao XVI Exame/2ª fase - Direito Constitucional/padrões de resposta/Padrão de Respostas Definitivo- Direito Constitucional.pdf;https://oab.fgv.br/arq/615/08062015172235_Constitucional.pdf;148434;ad1407ca90d81710127c5f71002abc3c0272512249be2c4183f435f722e7b21a
Clique aqui para acessar informações relativas ao XVI EXAME DE ORDEM UNIFICADO;2ª fase - Constitucional / padrão;Padrão de respostas (Direito Constitucional);Clique aqui para acessar informações relativas ao XVI Exame/2ª fase - Direito Constitucional/padrões de resposta/Padrão de respostas (Direito Constitucional).pdf;https://oab.fgv.br/arq/615/17052015185801_GABARITO%20JUSTIFICADO%20-%20DIREITO%20CONSTITUCIONAL.pdf;346896;210d67b3575453329f58ed7696ddaf68fc6cc609e2e5441471cfed1ede54ba78
Clique aqui para acessar informações relativas ao XV EXAME DE ORDEM UNIFICADO;2ª fase - Constitucional / caderno;Caderno de provas (Direito Constitucional);Clique aqui para acessar informações relativas ao XV Exame/2ª fase - Direito Constitucional/cadernos/Caderno de provas (Direito Constitucional).pdf;https://oab.fgv.br/arq/513/11012015190218_XV%20Exame%20Constitucional%20-%20SEGUNDA%20FASE.pdf;2552525;1759b7d09f008571d69fad3e14731d0f762f3868d1ec58c279599e58ed1d30cf
Clique aqui para acessar informações relativas ao XV EXAME DE ORDEM UNIFICADO;2ª fase - Constitucional / padrão;Padrão de respostas (Direito Constitucional);Clique aqui para acessar informações relativas ao XV Exame/2ª fase - Direito Constitucional/padrões de resposta/Padrão de respostas (Direito Constitucional).pdf;https://oab.fgv.br/arq/513/11012015190438_GABARITO%20JUSTIFICADO%20-%20DIREITO%20CONSTITUCIONAL.pdf;344096;47142767f6792eb5b96ef4090b8f7e05332e6d14366a02aa1a231f7fa4c4686a
Clique aqui para acessar informações relativas ao XIII EXAME DE ORDEM UNIFICADO;2ª fase - Constitucional / padrão;Padrão de Respostas Definitivo - Direito Constitucional;Clique aqui para acessar informações relativas ao XIII Exame/2ª fase - Direito Constitucional/padrões de resposta/Padrão de Respostas Definitivo - Direito Constitucional.pdf;https://oab.fgv.br/arq/421/20140624050248-padrao%20de%20resposta%20definitivo%20-%20direito%20constitucional.pdf;261212;b5c1b879c341b7aa4cb02fd713fff201d061ca92f3176662eafee7fa16e3e620
Clique aqui para acessar informações relativas ao XII EXAME DE ORDEM UNIFICADO;2ª fase - Constitucional / padrão;Padrão de Respostas Definitivo - Direito Constitucional;Clique aqui para acessar informações relativas ao XII Exame/2ª fase - Direito Constitucional/padrões de resposta/Padrão de Respostas Definitivo - Direito Constitucional.pdf;https://oab.fgv.br/arq/382/20140307053949-Constitucional.pdf;119792;4d817cfcd42dce2290261a198e234bea9b38b42c49fd0743ae5af71ef4674427
Clique aqui para acessar informações relativas ao VII EXAME DE ORDEM UNIFICADO;1ª fase / caderno;Caderno de Prova 01;Clique aqui para acessar informações relativas ao VII Exame/1ª fase/cadernos e gabaritos/Caderno de Prova 01.pdf;https://oab.fgv.br/arq/168/20120527083320-VII_Exame_Prova_Tipo%201.pdf;793203;6502b7272b7dbf0b8bf95460ad7dc3dacf250ac34620f9de5746bf5e072f1735
Clique aqui para acessar informações relativas ao VII EXAME DE ORDEM UNIFICADO;1ª fase / caderno;Caderno de Prova 02;Clique aqui para acessar informações relativas ao VII Exame/1ª fase/cadernos e gabaritos/Caderno de Prova 02.pdf;https://oab.fgv.br/arq/168/20120528074709-VII_Exame_Prova_Tipo%202.pdf;791693;9989cfb08b8dfed163e91bc7e0b7624c6466165bfbc986dac5a06607267e6cfe
Clique aqui para acessar informações relativas ao VII EXAME DE ORDEM UNIFICADO;1ª fase / caderno;Caderno de Prova 03;Clique aqui para acessar informações relativas ao VII Exame/1ª fase/cadernos e gabaritos/Caderno de Prova 03.pdf;https://oab.fgv.br/arq/168/20120527083637-VII_Exame_Prova_Tipo%203.pdf;790821;674751c3052ff940f1da5412f4afe7e7ebc3e7b7d7075608aaa52d50bfe9a73b
Clique aqui para acessar informações relativas ao VII EXAME DE ORDEM UNIFICADO;1ª fase / caderno;Caderno de Prova 04;Clique aqui para acessar informações relativas ao VII Exame/1ª fase/cadernos e gabaritos/Caderno de Prova 04.pdf;https://oab.fgv.br/arq/168/20120527083714-VII_Exame_Prova_Tipo%204.pdf;791307;6a5af15a634ec6983bad673ebaa7ed7ed13b7e2d8186b69be8bd4508345c836f
Clique aqui para acessar informações relativas ao VII EXAME DE ORDEM UNIFICADO;1ª fase / gabarito;Gabaritos Preliminares da Prova Objetiva (1ª fase);Clique aqui para acessar informações relativas ao VII Exame/1ª fase/cadernos e gabaritos/Gabaritos Preliminares da Prova Objetiva (1ª fase).pdf;https://oab.fgv.br/arq/168/20120528074926-GABARITOS%20PRELIMIARES_VII_EXAME_DE_ORDEM.pdf;96585;33c61f294d8794ab40b54dee1f07655512cc862759a4396b27aefecd6c269986
Clique aqui para acessar informações relativas ao EXAME DE ORDEM UNIFICADO 2010.2;1ª fase / caderno;Caderno de Prova 01;Clique aqui para acessar informações relativas ao Exame 2010.2/1ª fase/cadernos e gabaritos/Caderno de Prova 01.pdf;https://oab.fgv.br/arq/112/FECHADO_01.pdf;590483;661123ab16fd047da57f335d1c9e6fec5207d6ea7f377da81e01a76585784a17
Clique aqui para acessar informações relativas ao EXAME DE ORDEM UNIFICADO 2010.2;1ª fase / caderno;Caderno de Prova 02;Clique aqui para acessar informações relativas ao Exame 2010.2/1ª fase/cadernos e gabaritos/Caderno de Prova 02.pdf;https://oab.fgv.br/arq/112/FECHADO_02.pdf;590076;cb5dc4abe4e549fad59648db31308ea8b26d5344d2bef053bce5c1ae5c87958d
Clique aqui para acessar informações relativas ao EXAME DE ORDEM UNIFICADO 2010.2;1ª fase / caderno;Caderno de Prova 03;Clique aqui para acessar informações relativas ao Exame 2010.2/1ª fase/cadernos e gabaritos/Caderno de Prova 03.pdf;https://oab.fgv.br/arq/112/FECHADO_03.pdf;590990;fa7b6cfbebce09ba58b84fb9a425cb4c917e97ce2e71e8dc2039269d3927ba21
Clique aqui para acessar informações relativas ao EXAME DE ORDEM UNIFICADO 2010.2;1ª fase / caderno;Caderno de Prova 04;Clique aqui para acessar informações relativas ao Exame 2010.2/1ª fase/cadernos e gabaritos/Caderno de Prova 04.pdf;https://oab.fgv.br/arq/112/FECHADO_04.pdf;589691;a71797210b0fcc29e6d3d213d51b0d1eb29968cc07cf9d0a6c5dee65d743331c
Clique aqui para acessar informações relativas ao EXAME DE ORDEM UNIFICADO 2010.2;1ª fase / caderno;Gabarito do Caderno de Prova 01;Clique aqui para acessar informações relativas ao Exame 2010.2/1ª fase/cadernos e gabaritos/Gabarito do Caderno de Prova 01.pdf;https://oab.fgv.br/arq/112/oab10_gab_preliminar_01.pdf;32680;c5cfa9ac50e78d1d2f3c20cd8e2dc365a8b11abb56de09717fdc9fff6fbf17af
Clique aqui para acessar informações relativas ao EXAME DE ORDEM UNIFICADO 2010.2;1ª fase / caderno;Gabarito do Caderno de Prova 02;Clique aqui para acessar informações relativas ao Exame 2010.2/1ª fase/cadernos e gabaritos/Gabarito do Caderno de Prova 02.pdf;https://oab.fgv.br/arq/112/oab10_gab_preliminar_02.pdf;32626;cb53737f5afe1823feaeb0835df5e0e823227d309e2665321b607b1585c96cf0
Clique aqui para acessar informações relativas ao EXAME DE ORDEM UNIFICADO 2010.2;1ª fase / caderno;Gabarito do Caderno de Prova 03;Clique aqui para acessar informações relativas ao Exame 2010.2/1ª fase/cadernos e gabaritos/Gabarito do Caderno de Prova 03.pdf;https://oab.fgv.br/arq/112/oab10_gab_preliminar_03.pdf;32859;1685e8cf3037139bc35d14e04632a5a6808789cce426760581ee455d41472f61
Clique aqui para acessar informações relativas ao EXAME DE ORDEM UNIFICADO 2010.2;1ª fase / caderno;Gabarito do Caderno de Prova 04;Clique aqui para acessar informações relativas ao Exame 2010.2/1ª fase/cadernos e gabaritos/Gabarito do Caderno de Prova 04.pdf;https://oab.fgv.br/arq/112/oab10_gab_preliminar_04.pdf;32787;be80123a42391b1534ca3611f726a9ecc0ef9185a6f29fd40d8b250696a88a8d
Clique aqui para acessar informações relativas ao EXAME DE ORDEM UNIFICADO 2010.2;2ª fase - Constitucional / caderno;Caderno de Prova (Direito Constitucional);Clique aqui para acessar informações relativas ao Exame 2010.2/2ª fase - Direito Constitucional/cadernos/Caderno de Prova (Direito Constitucional).pdf;https://oab.fgv.br/arq/112/DIR_CONSTITUCIONAL_alterado.pdf;858772;2b3ddcaed0450fd85330e71ac0b09127b7179b42f97a1b6c4a779ad800e9689d
Clique aqui para acessar informações relativas ao EXAME DE ORDEM UNIFICADO 2010.2;2ª fase - Constitucional / padrão;Padrão de respostas - Direito Constitucional;Clique aqui para acessar informações relativas ao Exame 2010.2/2ª fase - Direito Constitucional/padrões de resposta/Padrão de respostas - Direito Constitucional.pdf;https://oab.fgv.br/arq/112/GAB_COMENTADO_CONSTITUCIONAL_01.pdf;81462;56c6ce003edfbed6a6d429ef7d6580ea18d24a98a9c0d391ffa151af47a27f94
